unit,win,noise,var_raw,ac1
1,1,1.0,1.0,-0.0564776502227943
1,2,0.9883873644683796,1.0194328433874542,-0.05739140278879582
1,3,0.9271567155650469,1.2527785000216527,-0.10153767054978129
1,4,0.994585463059761,1.6488364410821226,-0.20183251237765376
2,1,1.0,1.0,-0.10292960559278004
2,2,1.072282762216282,1.2661058039413031,-0.18843426455627116
2,3,0.919948311784685,1.2118788335865904,-0.08783131656324943
2,4,1.06700957914012,1.791615736320642,-0.08085307893195894
3,1,1.0,1.0,-0.1191884283518779
3,2,0.9131823125589266,0.8643648705458192,-0.16804381653934325
3,3,0.9563257657723889,1.1300132065601112,-0.07148847042076792
3,4,1.0195010888965186,2.0827561159235914,-0.2300318868781266
4,1,1.0,1.0,-0.14540904001311167
4,2,0.9738177946199726,1.195928645883925,-0.13777598480222517
4,3,1.0119445833751213,1.1055906768855905,-0.1854933971946408
4,4,0.9461072582295177,2.17541403517755,-0.14074810827547982
5,1,1.0,1.0,-0.06616520487104553
5,2,0.9447104287133485,1.1689457017038047,-0.07905429864380109
5,3,0.9762180299967795,1.200813015838797,-0.06786960594838384
5,4,1.1001660873455914,2.0151038407646693,-0.11519286116561467
6,1,1.0,1.0,-0.17141471277227574
6,2,0.9430653769794232,1.03142159653822,-0.10816064102308268
6,3,0.9229349170310026,1.1658669919337323,-0.14534411423855215
6,4,0.8754952532359439,1.3639150046769228,-0.10604601774296071
7,1,1.0,1.0,-0.1068187038721097
7,2,1.006162868970829,1.115185041678418,-0.19041859147749313
7,3,1.016739191116514,1.2709960106164324,-0.2179863703756456
7,4,1.092711490401154,1.5841759447004917,-0.11174163457165057
8,1,1.0,1.0,-0.10127544606037064
8,2,0.9725239556884171,0.9768761493685928,-0.13021163878109224
8,3,0.9562860576710822,0.9322954723699597,-0.04876947954318456
8,4,0.9645848260014214,1.1845798006664991,-0.11438606318221795
9,1,1.0,1.0,-0.13353109257862186
9,2,1.0430884205982145,1.1114446205659148,-0.05930099870434377
9,3,1.0784188408935402,1.4462804684915773,0.004603248522565774
9,4,1.045416250823588,3.0370229378816473,-0.017821785934729217
10,1,1.0,1.0,-0.08686960579587423
10,2,0.998448480739325,1.102933143550188,-0.08231418918213529
10,3,1.0439755803137039,1.498888494594772,-0.11883210030252334
10,4,1.0582918412541256,1.7606743861025125,-0.012201024423520378
11,1,1.0,1.0,-0.13854432126907534
11,2,0.8761276011881203,0.8286364544812788,-0.17834290326642546
11,3,0.9521352690185778,1.180257976719501,-0.0833958432163726
11,4,0.9822282496901661,1.7929291091914514,-0.12945409126937812
12,1,1.0,1.0,-0.07117976569750548
12,2,1.0328333629632886,1.0802484140474964,-0.12491561890382682
12,3,0.9536105510279882,1.081736846809056,-0.030466707215624774
12,4,1.0170758383027487,1.4587591508037028,-0.06363267183357661
13,1,1.0,1.0,-0.17298349441008332
13,2,1.013028450133663,1.0993065653761946,-0.02752211160518351
13,3,0.9223371332420245,1.1618003301322912,-0.19561711990250213
13,4,1.0326661665112442,1.615467722378375,-0.05855684271469486
14,1,1.0,1.0,-0.1842895631841473
14,2,0.9867570500116702,0.9929823532294177,-0.13372096026851882
14,3,1.019626192480088,1.0756495484775395,-0.1288847051901178
14,4,1.0173804609664319,1.5649312170787426,-0.02589153499367988
15,1,1.0,1.0,0.030059871358952724
15,2,1.0076705091004552,1.2407337808755843,0.09173814346649029
15,3,0.9976673815824679,1.3403389742781358,-0.1693067212460496
15,4,1.0288702692444407,1.9536666486559078,-0.00312754684582044
16,1,1.0,1.0,-0.02478662684667049
16,2,1.0136330497840338,1.020244945168901,-0.07231625276922315
16,3,1.0140669388581178,1.2890602998354734,-0.09363548169258229
16,4,0.9755712647690031,1.2056886140569043,-0.13626208820082686
17,1,1.0,1.0,-0.021938961475503185
17,2,1.000286550798358,1.2443608758332583,-0.082043622552508
17,3,0.8630265947980476,1.094569186249048,-0.21436391832137996
17,4,0.9063466225222881,1.5708238112564277,-0.018683116856794153
18,1,1.0,1.0,-0.04432113504651264
18,2,0.9783256922104259,1.0956536967170074,-0.07013376606548176
18,3,1.0462767672671074,1.4301926113880328,-0.0710078954613008
18,4,1.050398313236689,3.109659731627765,-0.13591976613968917
19,1,1.0,1.0,-0.18181977432658328
19,2,1.112040678473187,1.1888822818166456,-0.03336594489300149
19,3,1.0422535352736046,1.1902711266689168,-0.06674323508351138
19,4,0.9908112176989785,1.6042128248740009,-0.03766661284098788
20,1,1.0,1.0,-0.05292573040399081
20,2,1.0506016253606103,1.3026552155267903,-0.02288789811282732
20,3,1.1133096527731525,1.5599539901137893,-0.07711226837953594
20,4,1.0790296519032712,1.4443829766509257,-0.054925981618693845
21,1,1.0,1.0,-0.047192557165118124
21,2,0.9898942394838506,1.1363534025848474,-0.03815127243606865
21,3,0.947574031917009,1.0790747282578312,-0.06646010259955683
21,4,0.9659418054992548,1.6282836326316636,-0.12350886684335899
22,1,1.0,1.0,-0.10568620711148483
22,2,1.0942352762254122,1.347116138217681,-0.07402266841334387
22,3,1.0265684927483598,1.2843703162675804,-0.034005926065108674
22,4,1.0730560626178463,1.4452661837906131,-0.15312242541754562
23,1,1.0,1.0,-0.08497809509222982
23,2,0.956414643910393,0.9427767063956944,-0.12298802296814122
23,3,1.0185889145323084,1.1254830898059873,-0.10233764695564099
23,4,0.956821666247728,1.4058099923198144,-0.003402009501799969
24,1,1.0,1.0,-0.10031106797404082
24,2,0.9603647758923577,0.8672415117422252,-0.13089893675928377
24,3,0.9235119070863351,1.1431297776731832,-0.13775114486264722
24,4,0.9186279779061965,2.486597160153028,-0.05474374527276921
25,1,1.0,1.0,-0.12266332251911267
25,2,0.9372027432333477,1.029195656583544,-0.09981497618699131
25,3,0.9956696457180148,1.255839763222304,-0.12835266535234802
25,4,1.037138978978429,1.518265526666629,-0.1591124024703935
26,1,1.0,1.0,0.008718136918258138
26,2,1.08505023563466,1.1225844241010976,-0.18891400985987777
26,3,1.0536138055428053,1.0718938934233473,-0.22465885033009386
26,4,0.9630090117186111,1.1916339039912924,-0.08951711867045728
27,1,1.0,1.0,-0.09230110142423588
27,2,1.077533334066692,1.2725778868472948,-0.17251601384001586
27,3,1.0101492365649052,1.25194538923409,-0.10080477930603292
27,4,0.9357655670200045,2.051722912549762,-0.05728501729679372
28,1,1.0,1.0,-0.13642770307869645
28,2,1.0839089908390314,1.1685556339263503,-0.036807680208079514
28,3,0.9916615100257011,1.2265451402575795,-0.04813827162984692
28,4,1.0493500836948084,1.9427549449012491,-0.11928624664453664
29,1,1.0,1.0,-0.15402029586239224
29,2,1.1008889195865361,1.2116583390484514,-0.1747857573453349
29,3,1.1038666658253884,1.3393869064485502,-0.05095106160819824
29,4,1.1107723560161118,2.0632955358213154,-0.11820925328512234
30,1,1.0,1.0,-0.15350240411880595
30,2,1.0722323454409106,1.1487992252572132,-0.04986355846171002
30,3,1.0179747566403652,1.2800165428003116,-0.0724818760042293
30,4,1.1439137142456883,2.6275527382440793,-0.04036496222329005
31,1,1.0,1.0,-0.07313625008602542
31,2,1.010409499656121,1.1081818274842812,-0.11599049356662144
31,3,0.9431895549565759,1.2130751108722844,-0.18225860388413306
31,4,1.0547061553976231,1.5473576852158941,-0.05621117992790861
32,1,1.0,1.0,-0.08687288498702617
32,2,0.9974558255656933,0.9988460980690499,-0.11434036048204657
32,3,0.9976098935126345,1.046482072098803,-0.18017039258651307
32,4,1.0055366067949048,1.160541705165936,-0.1535520353967386
33,1,1.0,1.0,-0.07553736209550094
33,2,0.9192221573679262,0.9658735840541669,-0.1289924228507599
33,3,0.9240544994366428,1.1887610288186385,-0.07412403696095989
33,4,0.9074923917368534,1.8602953621162253,-0.22747835229451524
34,1,1.0,1.0,-0.021893976013625593
34,2,0.9852787552177233,1.1206599124811483,-0.07387301813911307
34,3,1.0510120455997525,1.3443665334366912,-0.05261017077460087
34,4,0.8409516042695628,1.2892632091329208,-0.07924584246868913
35,1,1.0,1.0,-0.045676023796187494
35,2,0.9574948769627198,1.0848767185435453,-0.04878416224127265
35,3,0.9574150335704872,1.0607574630326062,-0.08779348034420364
35,4,0.9063179300120823,1.3760670089097853,-0.19706709521421784
36,1,1.0,1.0,-0.09794277118069766
36,2,1.1333635646029123,1.3885782380692442,-0.0617220773275091
36,3,1.0016561718280639,1.140619855978314,0.0004991742091405285
36,4,1.0194143788990706,1.531917776462128,-0.10250111533277667
37,1,1.0,1.0,-0.10397932961518647
37,2,1.093743985611202,1.254052738613826,-0.27165809713064865
37,3,0.9855428195945406,1.1171874814214535,-0.05582122811558102
37,4,1.1143245632703764,1.5069881287930573,-0.07299972533739461
38,1,1.0,1.0,-0.06755028211301975
38,2,1.0981001269389918,1.2331761578833516,-0.031634440157194986
38,3,1.0053967650707964,1.359751077390078,-0.03266808629081936
38,4,1.090222462564319,1.793735888584242,-0.042721271631997126
39,1,1.0,1.0,-0.0973195119527369
39,2,0.9140360063244369,0.7915063520623329,-0.21525324271672375
39,3,0.9408801542785246,0.986092035163574,-0.018427858651904848
39,4,1.0254623164516317,1.946528568712369,0.02947770725399358
40,1,1.0,1.0,-0.11405661534812647
40,2,1.0425752041875178,1.205259820783163,-0.060011612201220775
40,3,1.0212872702290308,1.2759785632679783,-0.13474048418229484
40,4,1.064569991420449,1.3868968871428677,-0.1171533933804964
41,1,1.0,1.0,-0.2177116541977841
41,2,0.9303291814306738,0.9045911435404808,-0.21480900150999743
41,3,0.9572698937992574,1.0711556527909405,-0.1454352988438689
41,4,0.8206386068747511,1.736089305849775,-0.11775620995112496
42,1,1.0,1.0,-0.11870808991318116
42,2,0.9476140658923053,0.9324195653752932,-0.10108299189099614
42,3,1.013692646383204,1.1661572507008298,-0.09548076975102651
42,4,1.0101450949652555,1.6157640396343642,-0.2607621724306216
43,1,1.0,1.0,-0.20878699187923744
43,2,0.942036585403601,0.9763701313583307,-0.09754298595512909
43,3,0.9928496985451954,1.2470062160266548,-0.13429658663967653
43,4,1.0303356580198297,1.9256467028656714,-0.07527147641491319
44,1,1.0,1.0,-0.05322596524030141
44,2,0.9645570017910898,0.8540100381679987,0.0017770293731252025
44,3,0.9578906561216973,1.0100976429495465,0.007812357515965017
44,4,1.0245800132013247,1.5456667878581418,-0.18620411309700657
45,1,1.0,1.0,-0.13093221978741904
45,2,0.982010850364109,1.0028806222651923,-0.15160138421710062
45,3,1.0121376551522485,1.1205040662508514,-0.07602779317894179
45,4,0.9920754257259741,1.8999098275417656,-0.11494223819375048
46,1,1.0,1.0,0.00644834536392842
46,2,1.0462249248835103,1.1967369432930304,-0.12105748064201705
46,3,1.025396616580145,1.1430470298540643,-0.13963409950042263
46,4,1.018411360718956,1.592524048564961,-0.1267334907870941
47,1,1.0,1.0,-0.12441986406941169
47,2,0.9282609504260816,0.9489151223384609,-0.22435926247948973
47,3,0.8608236669545837,0.9702231391912648,-0.1681252153332145
47,4,0.9215631854025115,1.3590327018150097,-0.13368202803915885
48,1,1.0,1.0,-0.11096331997066188
48,2,1.075828289205651,1.3719577752709355,-0.16370337249034228
48,3,1.1370547126252588,1.4320820236307077,-0.052155665974945045
48,4,1.0708282828183138,2.333508710411987,-0.14698538302313707
49,1,1.0,1.0,-0.07800291035029003
49,2,1.1191383997742292,1.311992237370891,-0.08714462099833369
49,3,1.0905413278750307,1.2051903450745811,-0.06822816577758975
49,4,1.1219700638479675,1.5499308810518384,-0.21695345787629866
50,1,1.0,1.0,-0.13841516089575187
50,2,0.9938769310984247,0.9939531414017071,-0.030932284876508804
50,3,0.9445133222986876,1.1764441433246797,-0.10230786173595219
50,4,0.9788609476853103,1.6847114295630523,-0.04261298366941911
51,1,1.0,1.0,-0.09185991235919919
51,2,0.9129681816407957,0.9372909142248144,-0.10499900379821883
51,3,0.8843774475622102,0.96514949026502,-0.07279636240147673
51,4,1.0671549891747487,2.3348300776976414,-0.14712639012413792
52,1,1.0,1.0,-0.13687989626615332
52,2,1.0216826435197408,1.2048319849476956,-0.027974169113547304
52,3,1.0047088648434905,1.1525998545147524,-0.0747916617274551
52,4,0.9975382776800489,1.3339517537916232,-0.08887807036452999
53,1,1.0,1.0,-0.10755738579394304
53,2,0.9511815477299428,1.0753789729049634,-0.06561109659044244
53,3,0.936682726060535,1.0566189748008958,-0.11444848964803048
53,4,0.9116497983751701,1.7227260849844197,-0.07611218710124251
54,1,1.0,1.0,-0.24690840378204323
54,2,0.9839255034232237,1.059644912919382,-0.09899512915025291
54,3,0.980474678130532,1.3317742998822233,-0.12635905238778425
54,4,0.9725168343046963,1.868223564809045,-0.12409376841688408
55,1,1.0,1.0,-0.16073110273509808
55,2,0.9527025037483559,1.158052247384294,-0.013260027867980452
55,3,1.0148735440826524,1.1254813380512636,-0.1622025239417811
55,4,0.9625028443076249,2.0234359988829196,-0.1146984679559265
56,1,1.0,1.0,-0.20862955382329354
56,2,0.9739281367108202,1.0699261869473866,-0.025617109660162358
56,3,1.0196313087663014,1.1596897760367648,-0.20624937601785653
56,4,1.0259654368618527,1.301339318370906,-0.11588258571416143
57,1,1.0,1.0,-0.1609858897888336
57,2,1.006457915031962,1.0484814496922594,-0.09694842618830365
57,3,0.9404166190419684,1.0746284424167478,-0.08345903513951758
57,4,0.8791664035495639,2.103457632105943,-0.10961352619456805
58,1,1.0,1.0,-0.035826283025345455
58,2,0.863083198056158,0.8050953712209442,-0.16719729247117773
58,3,0.9661178263434826,1.2925894560023403,-0.11092208894835413
58,4,0.9541419516990086,1.6900504891075112,-0.15855883417004396
59,1,1.0,1.0,-0.12917862035711133
59,2,0.9627128411269746,1.128055606497317,-0.05856383392962915
59,3,1.0759345723168785,1.110452812960835,-0.005009056980303786
59,4,0.9173186534878351,1.520093541621605,-0.1420702066804369
60,1,1.0,1.0,-0.08096460628063504
60,2,0.916534462364703,0.9425686542335155,-0.10194291640605418
60,3,0.9577374955067148,1.004755070939849,-0.1401454484280997
60,4,0.8624495390668893,1.4897536842106365,-0.05031593328357156
61,1,1.0,1.0,-0.13647939352365507
61,2,1.1156792006641354,1.4701713850644405,-0.03626157952854278
61,3,1.1650894198949606,1.5882396241265768,-0.12462362920583087
61,4,1.1035324440712146,2.3145221682744754,-0.07802331991129312
62,1,1.0,1.0,-0.1520209888775152
62,2,0.9751950710811176,0.9968025663206117,-0.164623115545788
62,3,1.0552611827413085,1.202900709598235,-0.06232371769630174
62,4,0.9331713139212425,1.1557992549076896,-0.07236323454103645
63,1,1.0,1.0,-0.01669118125260051
63,2,0.9177019647127953,1.0220692759700296,-0.12332359420732153
63,3,0.9275350847551598,1.1171198162012104,-0.17469239583703378
63,4,0.9661125749530307,1.8946808772318864,-0.09098850156476779
64,1,1.0,1.0,-0.0752380778518636
64,2,1.0737205527530986,1.255373503395067,-0.15223908934644637
64,3,1.0159681765640074,1.177394781221151,-0.10523156068044526
64,4,1.0944501027867415,1.4711974549298525,-0.09374080473051935
65,1,1.0,1.0,-0.09079050472506225
65,2,0.9355352898394353,0.9280106481854307,-0.00823708535845068
65,3,1.025912018183498,1.3104990437619115,-0.21552181762318323
65,4,1.076610395579333,2.535616570243803,-0.05186249858964124
66,1,1.0,1.0,-0.06002620453909481
66,2,1.0265495038990826,1.101509268839321,-0.013574474426256825
66,3,0.9669758989280165,0.9956406817174865,-0.19187777249634744
66,4,0.905802871754831,1.1746526583306767,-0.12205749029611945
67,1,1.0,1.0,0.037173617792889545
67,2,1.066029085437677,1.1364246438441523,-0.042945371362995755
67,3,0.9282559783384294,0.9131035489322228,-0.08637971341636155
67,4,1.028803081851259,1.431742971710777,-0.11635476656257827
68,1,1.0,1.0,-0.1385415275539126
68,2,1.0138377541182475,1.1804347144241567,-0.15502154293296372
68,3,1.0871255154178976,1.3469282994770864,-0.09969459056387708
68,4,1.0566562532976889,1.9010281305493055,-0.05786883273242038
69,1,1.0,1.0,-0.08438630420536225
69,2,0.9532107022516602,0.998997121814657,-0.10640937014247591
69,3,0.9425247683940883,0.8953214005363082,-0.11378956633933451
69,4,1.0004965007771307,1.080301967103273,-0.15367267952251637
70,1,1.0,1.0,-0.08841016931048315
70,2,0.9211902342838012,0.8566101125697319,-0.11462383604156337
70,3,0.9916271930878664,1.210757617207969,-0.14949464839452534
70,4,0.881307505519191,1.8920587122422168,-0.027099905332834354
71,1,1.0,1.0,-0.09600240779585804
71,2,1.106226269999128,1.267785289777668,-0.04543936882268275
71,3,1.1108611022047876,1.512892222317884,-0.05144034658944478
71,4,1.075865152189429,1.932962774590881,-0.09390289079302466
72,1,1.0,1.0,-0.08226669812433936
72,2,0.8408120684911701,0.8342831713173349,-0.10663571193457272
72,3,0.9976830671508947,1.1767925660848706,-0.06472509584653807
72,4,0.975606148816093,1.6084626502266346,-0.10763700159857517
73,1,1.0,1.0,-0.11643252865730473
73,2,1.023484370422686,1.0448768719745014,-0.16471478543928006
73,3,1.0298204230889254,1.0941153887023027,-0.13238522821822396
73,4,0.9782726817331466,1.070163088193435,-0.10077544997623135
74,1,1.0,1.0,-0.08184728154471867
74,2,0.9104226448439381,0.8641271454572466,-0.07453219623598617
74,3,1.0087730504595231,1.1032640453547984,-0.08717513569401365
74,4,0.9414591372618601,1.9183355858239506,-0.02688351197641333
75,1,1.0,1.0,-0.13557453714752454
75,2,1.0075291286567216,1.0006672404500572,-0.07031071408200237
75,3,0.98626039456732,1.031751457649689,-0.06402109197975782
75,4,0.9022651780022826,1.035614183030675,-0.11614777473376
76,1,1.0,1.0,-0.13433208976429334
76,2,1.075677722729878,1.2752215472450301,-0.03867537800810161
76,3,1.0943408503802405,1.2499609238106935,-0.18814108944277527
76,4,1.00617882733248,1.1672884156529353,-0.24620723462682487
77,1,1.0,1.0,-0.14252114474097904
77,2,0.9903481194472477,0.9825553928694837,-0.20287208444498772
77,3,0.9826440622193984,1.0731392932267867,-0.10778311440493946
77,4,1.023478062815614,1.8127234611754321,-0.0301677103165087
78,1,1.0,1.0,-0.007726958014959442
78,2,0.9288267219138275,0.9732937037700558,-0.13708522327008862
78,3,0.8782366487939207,1.1998577999000162,-0.05729721264061657
78,4,0.9951484995847705,1.8375791801989139,-0.14107562429496182
79,1,1.0,1.0,-0.19673663049049223
79,2,0.9265454905408588,0.9889350005089799,-0.0806204399870467
79,3,0.9538026743990773,1.2869010435746904,-0.20542624168400864
79,4,0.9570368577807007,1.5639450545488263,-0.11235287889243972
80,1,1.0,1.0,-0.046085226819744474
80,2,0.9978894547702248,1.0004395451445895,-0.11079755872270662
80,3,0.9442990407850075,1.0712102774891443,-0.07355421869728548
80,4,1.0373813323280943,1.6771192221170197,-0.01113460355468639
81,1,1.0,1.0,-0.054978257787082596
81,2,0.9241448384453451,0.9621044631632701,-0.14168367776575466
81,3,0.9062797009842275,0.8760327024391072,-0.14174366519612475
81,4,1.01045524575604,1.2197306605552256,-0.00023643327327468617
82,1,1.0,1.0,-0.08367688840374578
82,2,0.9799016333912829,0.9914343795695342,-0.20346948070756773
82,3,1.0027513707303783,1.2431328157217245,-0.17382296830751764
82,4,0.9850837926327964,2.388940799803358,-0.17194596645858257
83,1,1.0,1.0,-0.061338721478421315
83,2,0.9446722109490544,0.934439556741898,-0.0470924508844501
83,3,0.9925203663806914,1.1511598719945066,-0.11842059764336951
83,4,0.9639690700415966,1.2400560773636429,-0.11340167022164523
84,1,1.0,1.0,-0.0907247792513717
84,2,1.008808915729656,1.1425858363210954,-0.1005908062992553
84,3,0.9042120313136055,0.832977834928323,-0.12985625006912702
84,4,0.9784708059320533,1.3697512207547002,-0.14006394221538526
85,1,1.0,1.0,-0.09213857694126189
85,2,0.9450123931083234,1.0133267335222393,-0.018828907857685317
85,3,0.8711877187089878,0.8948153389211873,-0.0498815042405469
85,4,1.006945626713184,1.7314647919062411,-0.1485970737872978
86,1,1.0,1.0,-0.047776306073987064
86,2,1.0285618030226589,1.1435298796471387,-0.06730763348465074
86,3,1.050243049315267,1.2920448628399805,-0.07688480356095896
86,4,1.0635290207968793,1.1193411455776203,-0.15249907322331513
87,1,1.0,1.0,-0.09640633351561978
87,2,1.115570316453701,1.3574050165244165,-0.025481126956318777
87,3,0.9393895075302541,1.2177808395448169,-0.09615804639238537
87,4,0.9772838545430088,1.7471835442041943,-0.14548973921449895
88,1,1.0,1.0,-0.04389450857303877
88,2,0.9879159244789143,1.1033938151261393,-0.15425197092487494
88,3,0.9627071117719032,1.0858936586154413,-0.07429819819084912
88,4,0.9689217009427156,1.6889355572171438,-0.16103594954710718
89,1,1.0,1.0,-0.08987860373167735
89,2,0.9641464934565769,0.9793419993380671,-0.21270358938618145
89,3,0.9468933653056422,1.028070557492763,-0.14007356742944888
89,4,0.9899711138551623,1.7826932027125575,-0.09369347370270376
90,1,1.0,1.0,-0.0889010065735532
90,2,0.9955312394477771,0.9975312250581442,-0.08162789319105992
90,3,1.0028761020661232,1.091581990558879,-0.04579239230110491
90,4,0.942682727576274,2.092120233062193,0.045137436127164865
91,1,1.0,1.0,-0.11140534107075434
91,2,0.977115997614293,0.9567478000681,-0.017478469450396616
91,3,1.0122291592324086,1.093513955401823,-0.09779222634217588
91,4,0.8753733873774858,1.3483856883467302,-0.10989187233856093
92,1,1.0,1.0,-0.15270898447372436
92,2,0.9108489020520087,1.0074571186230332,-0.039490480023092904
92,3,1.0008669015907694,1.329236949228998,-0.037469911655672435
92,4,0.9978174940025923,1.3950340006537307,-0.04223416180433865
93,1,1.0,1.0,-0.11924192873654751
93,2,0.896348205425801,0.8407304294928617,-0.0648972621116032
93,3,1.0092817889677372,1.28131347080949,-0.12481306732901185
93,4,0.990648715933208,1.923597100212005,-0.19463029135421955
94,1,1.0,1.0,-0.16763726819736996
94,2,0.9588652604181268,0.9140935538651404,-0.04517464787651587
94,3,0.9403762908380109,1.0359222416597835,-0.11848271254859398
94,4,0.9519613504981723,1.4101626458585215,-0.11474139495043395
95,1,1.0,1.0,-0.05558382149307195
95,2,1.0282784525325142,1.1012786731435726,-0.09102759410500869
95,3,0.9922901421565973,1.1628111314334708,-0.08810747854557843
95,4,1.0377066460022093,1.3529158904893759,-0.16085775304882516
96,1,1.0,1.0,-0.14544893341879378
96,2,0.9762189915049053,0.993993589011487,-0.10878239185733699
96,3,1.0293345068285054,1.2484618705988075,-0.14516267318543286
96,4,0.9182543154515639,1.0936747259326425,-0.11327250860763995
97,1,1.0,1.0,-0.2623119899163856
97,2,0.9992203787020626,1.0823713441996592,-0.1406971635523471
97,3,0.9593256696737347,1.1333707986173889,-0.03752242867440704
97,4,1.0433421034257302,2.3930591997670136,-0.20598820583397617
98,1,1.0,1.0,-0.14901427303816883
98,2,0.9194966159333615,0.8921051456530498,-0.1772031135995527
98,3,0.8912908853019856,1.050228823170845,-0.06882681905127015
98,4,0.8435727665701253,1.8619889907898144,-0.08477868434182403
99,1,1.0,1.0,-0.06847507645390213
99,2,1.0308580952400779,1.0848762901527071,-0.10116100440027788
99,3,1.0274564941769564,1.0833754330901149,-0.19424531224783534
99,4,1.194680926652196,2.108025460864721,-0.12597687576900118
100,1,1.0,1.0,-0.12285849562216877
100,2,1.0437536162583319,1.094744255640609,-0.1063590094918469
100,3,1.004429079966292,1.3423267294995869,-0.16046730104884838
100,4,1.024743822861832,1.5480815054681811,-0.21315556082036824
