seed,split,model,graph,episode,auroc,auprc,pos_frac
0,random,gat,sector,2015-08,0.6608446410168327,0.8288229629305082,0.6978723404255319
0,random,gat,sector,2016-06,0.773676320023402,0.7809407732572416,0.548936170212766
0,random,gat,sector,2016-09,0.7948551426558648,0.6719579703815539,0.28936170212765955
0,random,gat,sector,2018-02,0.6888828089375285,0.722019605030137,0.5425531914893617
0,random,gat,functional,2015-08,0.671225523874957,0.8147245214981955,0.6978723404255319
0,random,gat,functional,2016-06,0.811375603334796,0.8075224498031781,0.548936170212766
0,random,gat,functional,2016-09,0.7734457555477281,0.656553392789264,0.28936170212765955
0,random,gat,functional,2018-02,0.7210761513907888,0.7624645627139552,0.5425531914893617
0,random,gat,knn,2015-08,0.7190398488491927,0.8327046703657622,0.6978723404255319
0,random,gat,knn,2016-06,0.7876078689483692,0.8195417583899487,0.548936170212766
0,random,gat,knn,2016-09,0.7644196900317013,0.5988360704821939,0.28936170212765955
0,random,gat,knn,2018-02,0.7310533515731874,0.7682335953957404,0.5425531914893617
0,random,gat,empty,2015-08,0.7217021642047406,0.8516829432897813,0.6978723404255319
0,random,gat,empty,2016-06,0.8109733801374872,0.8406513691975853,0.548936170212766
0,random,gat,empty,2016-09,0.7687566044381825,0.6056997129421201,0.28936170212765955
0,random,gat,empty,2018-02,0.7611126310989512,0.7791108075737968,0.5425531914893617
0,random,mlp,-,2015-08,0.7223248024733769,0.8424865234289907,0.6978723404255319
0,random,mlp,-,2016-06,0.8014114377651016,0.8214246545122741,0.548936170212766
0,random,mlp,-,2016-09,0.7576171187037688,0.609729599455739,0.28936170212765955
0,random,mlp,-,2018-02,0.7623164614683083,0.7739663444591947,0.5425531914893617
0,random,lr,-,2015-08,0.7124699416008244,0.8211945366052504,0.6978723404255319
0,random,lr,-,2016-06,0.7936594997806055,0.8097708032835513,0.548936170212766
0,random,lr,-,2016-09,0.7617118703768934,0.5881339490317747,0.28936170212765955
0,random,lr,-,2018-02,0.7605107159142727,0.7465438415531565,0.5425531914893617
0,sector,gat,sector,2015-08,0.5436598248024734,0.7493492317967625,0.6978723404255319
0,sector,gat,sector,2016-06,0.7113134415679392,0.6777637358674964,0.548936170212766
0,sector,gat,sector,2016-09,0.7677329165199014,0.6264316243095547,0.28936170212765955
0,sector,gat,sector,2018-02,0.6339078887368901,0.6424146371322255,0.5425531914893617
0,sector,gat,functional,2015-08,0.6039591205771213,0.7837325609152468,0.6978723404255319
0,sector,gat,functional,2016-06,0.790551411437765,0.7858668462696996,0.548936170212766
0,sector,gat,functional,2016-09,0.6876541035575906,0.512869220543228,0.28936170212765955
0,sector,gat,functional,2018-02,0.6426630186958505,0.6646333154461997,0.5425531914893617
0,sector,gat,knn,2015-08,0.7300111645482652,0.8483945718219206,0.6978723404255319
0,sector,gat,knn,2016-06,0.773347228316513,0.7801337173975711,0.548936170212766
0,sector,gat,knn,2016-09,0.66993219443466,0.4599549958759597,0.28936170212765955
0,sector,gat,knn,2018-02,0.7052986776105791,0.7373613066635534,0.5425531914893617
0,sector,gat,empty,2015-08,0.7113534867743043,0.8358084556449754,0.6978723404255319
0,sector,gat,empty,2016-06,0.8038247769489543,0.8206897437566124,0.548936170212766
0,sector,gat,empty,2016-09,0.6704165199013737,0.432332204445978,0.28936170212765955
0,sector,gat,empty,2018-02,0.7227177382580939,0.745008997648299,0.5425531914893617
0,sector,mlp,-,2015-08,0.6995233596702164,0.8379333458344715,0.6978723404255319
0,sector,mlp,-,2016-06,0.7872787772414802,0.8040870220428028,0.548936170212766
0,sector,mlp,-,2016-09,0.6572076435364566,0.41397487171396824,0.28936170212765955
0,sector,mlp,-,2018-02,0.7307067943456452,0.7425326850061482,0.5425531914893617
0,sector,lr,-,2015-08,0.7144881484026107,0.8267465373278297,0.6978723404255319
0,sector,lr,-,2016-06,0.7716286382916482,0.7607438419455907,0.548936170212766
0,sector,lr,-,2016-09,0.6701083127861923,0.43676969458100523,0.28936170212765955
0,sector,lr,-,2018-02,0.6991518467852257,0.6931116026996057,0.5425531914893617
0,loeo,gat,sector,2015-08,0.5399669357609068,0.7287836584889628,0.6978723404255319
0,loeo,gat,sector,2016-06,0.5987823606845107,0.6153921839471422,0.548936170212766
0,loeo,gat,sector,2016-09,0.3075136491722438,0.26105259768563227,0.28936170212765955
0,loeo,gat,sector,2018-02,0.5026538987688098,0.5272963264352489,0.5425531914893617
0,loeo,gat,functional,2015-08,0.5696925455170045,0.7678462344459855,0.6978723404255319
0,loeo,gat,functional,2016-06,0.5020568231680562,0.5362972918753457,0.548936170212766
0,loeo,gat,functional,2016-09,0.3653244980626981,0.23654147302524617,0.28936170212765955
0,loeo,gat,functional,2018-02,0.5834746922024624,0.6273829576305727,0.5425531914893617
0,loeo,gat,knn,2015-08,0.6958090003435247,0.8336246807415207,0.6978723404255319
0,loeo,gat,knn,2016-06,0.4845692555214275,0.5077075105910855,0.548936170212766
0,loeo,gat,knn,2016-09,0.460197252553716,0.31013834464884077,0.28936170212765955
0,loeo,gat,knn,2018-02,0.6268673050615595,0.6368231129871458,0.5425531914893617
0,loeo,gat,empty,2015-08,0.6463199931295087,0.8053287994923295,0.6978723404255319
0,loeo,gat,empty,2016-06,0.4822838964458096,0.5169796881710755,0.548936170212766
0,loeo,gat,empty,2016-09,0.4582379358929201,0.30214660164086155,0.28936170212765955
0,loeo,gat,empty,2018-02,0.6669402644778841,0.6985517943663888,0.5425531914893617
0,loeo,mlp,-,2015-08,0.659395396770869,0.8120590760359826,0.6978723404255319
0,loeo,mlp,-,2016-06,0.545122129589001,0.5489986512229066,0.548936170212766
0,loeo,mlp,-,2016-09,0.47323001056710107,0.31202608083709527,0.28936170212765955
0,loeo,mlp,-,2018-02,0.653953488372093,0.662766015729617,0.5425531914893617
0,loeo,lr,-,2015-08,0.6991368945379595,0.8340004955008108,0.6978723404255319
0,loeo,lr,-,2016-06,0.5488152698551996,0.5864335528701874,0.548936170212766
0,loeo,lr,-,2016-09,0.46589908418457204,0.29888008092867624,0.28936170212765955
0,loeo,lr,-,2018-02,0.641860465116279,0.6422092485515871,0.5425531914893617
1,random,gat,sector,2015-08,0.6586761422191687,0.8147050763058078,0.6978723404255319
1,random,gat,sector,2016-06,0.7556494076349276,0.7610770676150286,0.548936170212766
1,random,gat,sector,2016-09,0.8018338323353295,0.6820691434932036,0.28936170212765955
1,random,gat,sector,2018-02,0.6828180574555404,0.7006534769627515,0.5425531914893617
1,random,gat,functional,2015-08,0.6503134661628307,0.786766841756738,0.6978723404255319
1,random,gat,functional,2016-06,0.8219613865730584,0.8405717294267729,0.548936170212766
1,random,gat,functional,2016-09,0.7799841493483622,0.6572825904590516,0.28936170212765955
1,random,gat,functional,2018-02,0.7078522571819426,0.7386639978319123,0.5425531914893617
1,random,gat,knn,2015-08,0.7100008588114051,0.8192274230341403,0.6978723404255319
1,random,gat,knn,2016-06,0.7813551265174784,0.8119157981789784,0.548936170212766
1,random,gat,knn,2016-09,0.7738860514265586,0.6045836316425528,0.28936170212765955
1,random,gat,knn,2018-02,0.7131053351573188,0.7363167027807161,0.5425531914893617
1,random,gat,empty,2015-08,0.7155831329440054,0.8392828988652516,0.6978723404255319
1,random,gat,empty,2016-06,0.8036236653502997,0.8180573722463882,0.548936170212766
1,random,gat,empty,2016-09,0.7744584360690384,0.6370613299698537,0.28936170212765955
1,random,gat,empty,2018-02,0.7325672594619244,0.7553743667173132,0.5425531914893617
1,random,mlp,-,2015-08,0.6987933699759532,0.8215432027344437,0.6978723404255319
1,random,mlp,-,2016-06,0.7951221295890012,0.8243022342020923,0.548936170212766
1,random,mlp,-,2016-09,0.7702756252201479,0.6230949970992502,0.28936170212765955
1,random,mlp,-,2018-02,0.7466849065207479,0.7579396640338447,0.5425531914893617
1,random,lr,-,2015-08,0.7224750944692545,0.824565104036782,0.6978723404255319
1,random,lr,-,2016-06,0.7850299839110721,0.7901872135234547,0.548936170212766
1,random,lr,-,2016-09,0.7745464952448045,0.6119476566733901,0.28936170212765955
1,random,lr,-,2018-02,0.7451345189238486,0.7310994250506986,0.5425531914893617
1,sector,gat,sector,2015-08,0.5720220714531089,0.7408081367063677,0.6978723404255319
1,sector,gat,sector,2016-06,0.6692354102676612,0.6549447219925292,0.548936170212766
1,sector,gat,sector,2016-09,0.7785862099330751,0.6266508092016996,0.28936170212765955
1,sector,gat,sector,2018-02,0.6098221614227086,0.6366885615926604,0.5425531914893617
1,sector,gat,functional,2015-08,0.5600309172105805,0.7538693372156623,0.6978723404255319
1,sector,gat,functional,2016-06,0.7631088196577446,0.7364882936495606,0.548936170212766
1,sector,gat,functional,2016-09,0.6895473758365622,0.5441618915510318,0.28936170212765955
1,sector,gat,functional,2018-02,0.6474601003191975,0.6664925603141547,0.5425531914893617
1,sector,gat,knn,2015-08,0.7187822054276881,0.8441914497767158,0.6978723404255319
1,sector,gat,knn,2016-06,0.7802764370337867,0.8124682733290088,0.548936170212766
1,sector,gat,knn,2016-09,0.6590348714336034,0.4256693331189202,0.28936170212765955
1,sector,gat,knn,2018-02,0.6963246694026447,0.7304136957284045,0.5425531914893617
1,sector,gat,empty,2015-08,0.703817416695294,0.8325953238513574,0.6978723404255319
1,sector,gat,empty,2016-06,0.7995648676320023,0.8032580267148138,0.548936170212766
1,sector,gat,empty,2016-09,0.6607079957731598,0.43817855756813673,0.28936170212765955
1,sector,gat,empty,2018-02,0.7245052439580483,0.7439538579293029,0.5425531914893617
1,sector,mlp,-,2015-08,0.7045796118172449,0.8396752234689198,0.6978723404255319
1,sector,mlp,-,2016-06,0.7782653210472429,0.8063794397603397,0.548936170212766
1,sector,mlp,-,2016-09,0.6584184572032405,0.4056225842770311,0.28936170212765955
1,sector,mlp,-,2018-02,0.7317099863201094,0.7521401301209525,0.5425531914893617
1,sector,lr,-,2015-08,0.7144881484026107,0.8267465373278297,0.6978723404255319
1,sector,lr,-,2016-06,0.7716286382916482,0.7607438419455907,0.548936170212766
1,sector,lr,-,2016-09,0.6701083127861923,0.43676969458100523,0.28936170212765955
1,sector,lr,-,2018-02,0.6991518467852257,0.6931116026996057,0.5425531914893617
1,loeo,gat,sector,2015-08,0.5905509275163174,0.7767588227816158,0.6978723404255319
1,loeo,gat,sector,2016-06,0.5569328652917946,0.5967601597936117,0.548936170212766
1,loeo,gat,sector,2016-09,0.28620332863684395,0.2191451743321755,0.28936170212765955
1,loeo,gat,sector,2018-02,0.5969174646602827,0.624141966836601,0.5425531914893617
1,loeo,gat,functional,2015-08,0.5153297835795259,0.7177519444568435,0.6978723404255319
1,loeo,gat,functional,2016-06,0.45383574667251725,0.48378993349599286,0.548936170212766
1,loeo,gat,functional,2016-09,0.3810540683339204,0.26337949300077906,0.28936170212765955
1,loeo,gat,functional,2018-02,0.6060191518467852,0.6393505157504881,0.5425531914893617
1,loeo,gat,knn,2015-08,0.5942974922706974,0.7722697825584663,0.6978723404255319
1,loeo,gat,knn,2016-06,0.5612567646628638,0.5836120282996904,0.548936170212766
1,loeo,gat,knn,2016-09,0.4304112363508278,0.27839081768528684,0.28936170212765955
1,loeo,gat,knn,2018-02,0.6460191518467852,0.6494083743250135,0.5425531914893617
1,loeo,gat,empty,2015-08,0.6495190656131913,0.802670741698299,0.6978723404255319
1,loeo,gat,empty,2016-06,0.519142167617376,0.5487264554253655,0.548936170212766
1,loeo,gat,empty,2016-09,0.4666696019725256,0.30754080633953906,0.28936170212765955
1,loeo,gat,empty,2018-02,0.7030916552667579,0.7292172018526655,0.5425531914893617
1,loeo,mlp,-,2015-08,0.6731363792511165,0.8232781038404327,0.6978723404255319
1,loeo,mlp,-,2016-06,0.5549217493052508,0.5629548962991482,0.548936170212766
1,loeo,mlp,-,2016-09,0.46244276153575203,0.3079796821417137,0.28936170212765955
1,loeo,mlp,-,2018-02,0.650360237118103,0.663042737192859,0.5425531914893617
1,loeo,lr,-,2015-08,0.6991368945379595,0.8340004955008108,0.6978723404255319
1,loeo,lr,-,2016-06,0.5488152698551996,0.5864335528701874,0.548936170212766
1,loeo,lr,-,2016-09,0.46589908418457204,0.29888008092867624,0.28936170212765955
1,loeo,lr,-,2018-02,0.641860465116279,0.6422092485515871,0.5425531914893617
2,random,gat,sector,2015-08,0.7459528512538647,0.8642165545869276,0.6978723404255319
2,random,gat,sector,2016-06,0.753875968992248,0.7691292694447724,0.548936170212766
2,random,gat,sector,2016-09,0.8109039274392392,0.705231152813435,0.28936170212765955
2,random,gat,sector,2018-02,0.6767624259005928,0.6974390833444695,0.5425531914893617
2,random,gat,functional,2015-08,0.6929105118515974,0.8154925644034154,0.6978723404255319
2,random,gat,functional,2016-06,0.8130576276144508,0.8308619560790171,0.548936170212766
2,random,gat,functional,2016-09,0.7544910179640718,0.6387003899146787,0.28936170212765955
2,random,gat,functional,2018-02,0.7248335613315093,0.7529988025188008,0.5425531914893617
2,random,gat,knn,2015-08,0.7363663689453797,0.8490177611855864,0.6978723404255319
2,random,gat,knn,2016-06,0.7848471551850227,0.8048147864935993,0.548936170212766
2,random,gat,knn,2016-09,0.7485690383938005,0.5857705591454778,0.28936170212765955
2,random,gat,knn,2018-02,0.7175376196990424,0.7300389096716766,0.5425531914893617
2,random,gat,empty,2015-08,0.7418627619374786,0.864177422027431,0.6978723404255319
2,random,gat,empty,2016-06,0.8011737604212374,0.8180130517349036,0.548936170212766
2,random,gat,empty,2016-09,0.7540507220852413,0.5889410457347258,0.28936170212765955
2,random,gat,empty,2018-02,0.7530323757409941,0.7561038505359468,0.5425531914893617
2,random,mlp,-,2015-08,0.7190183785640673,0.8435560598016868,0.6978723404255319
2,random,mlp,-,2016-06,0.7934766710545562,0.8242436184956758,0.548936170212766
2,random,mlp,-,2016-09,0.7477544910179641,0.5749201169460625,0.28936170212765955
2,random,mlp,-,2018-02,0.7642498860009121,0.7785081299849113,0.5425531914893617
2,random,lr,-,2015-08,0.7342622810030917,0.839539943639873,0.6978723404255319
2,random,lr,-,2016-06,0.7836039198478866,0.8010857229536088,0.548936170212766
2,random,lr,-,2016-09,0.7568025713279324,0.5900819997953879,0.28936170212765955
2,random,lr,-,2018-02,0.758139534883721,0.7436585118699414,0.5425531914893617
2,sector,gat,sector,2015-08,0.5488126932325662,0.7548455967037878,0.6978723404255319
2,sector,gat,sector,2016-06,0.7072089366681292,0.6851543222722238,0.548936170212766
2,sector,gat,sector,2016-09,0.7650471116590348,0.5695864295647588,0.28936170212765955
2,sector,gat,sector,2018-02,0.5909347925216598,0.6231162057985884,0.5425531914893617
2,sector,gat,functional,2015-08,0.5898102026794916,0.7758697632285153,0.6978723404255319
2,sector,gat,functional,2016-06,0.7700563112476233,0.7810450807956246,0.548936170212766
2,sector,gat,functional,2016-09,0.7239564987671715,0.5846714510624164,0.28936170212765955
2,sector,gat,functional,2018-02,0.636169630642955,0.6459301994129596,0.5425531914893617
2,sector,gat,knn,2015-08,0.7125772930264513,0.8458849918193048,0.6978723404255319
2,sector,gat,knn,2016-06,0.781830481205207,0.8004641682835587,0.548936170212766
2,sector,gat,knn,2016-09,0.6493483620993308,0.4242514520622717,0.28936170212765955
2,sector,gat,knn,2018-02,0.6963976288189695,0.7283060113105004,0.5425531914893617
2,sector,gat,empty,2015-08,0.7056853315012023,0.8422502860712338,0.6978723404255319
2,sector,gat,empty,2016-06,0.8085600409536347,0.8189811903968414,0.548936170212766
2,sector,gat,empty,2016-09,0.673014265586474,0.4411848367768887,0.28936170212765955
2,sector,gat,empty,2018-02,0.7207113543091654,0.7327210372266253,0.5425531914893617
2,sector,mlp,-,2015-08,0.687950875987633,0.8278492832773918,0.6978723404255319
2,sector,mlp,-,2016-06,0.776985519964897,0.7911311577107438,0.548936170212766
2,sector,mlp,-,2016-09,0.669844135258894,0.42775662561822747,0.28936170212765955
2,sector,mlp,-,2018-02,0.728062015503876,0.7399701205369557,0.5425531914893617
2,sector,lr,-,2015-08,0.7144881484026107,0.8267465373278297,0.6978723404255319
2,sector,lr,-,2016-06,0.7716286382916482,0.7607438419455907,0.548936170212766
2,sector,lr,-,2016-09,0.6701083127861923,0.43676969458100523,0.28936170212765955
2,sector,lr,-,2018-02,0.6991518467852257,0.6931116026996057,0.5425531914893617
2,loeo,gat,sector,2015-08,0.5590862246650635,0.7691241541892766,0.6978723404255319
2,loeo,gat,sector,2016-06,0.49564867632002346,0.511670185162821,0.548936170212766
2,loeo,gat,sector,2016-09,0.31778355054596685,0.24891287840066884,0.28936170212765955
2,loeo,gat,sector,2018-02,0.5261650706794345,0.5601746253949087,0.5425531914893617
2,loeo,gat,functional,2015-08,0.5969598076262452,0.7771114787044133,0.6978723404255319
2,loeo,gat,functional,2016-06,0.4393374286967968,0.48580757984539485,0.548936170212766
2,loeo,gat,functional,2016-09,0.40601884466361393,0.29041827976259754,0.28936170212765955
2,loeo,gat,functional,2018-02,0.5825991792065663,0.627270531738354,0.5425531914893617
2,loeo,gat,knn,2015-08,0.6316557883888698,0.7969501430116979,0.6978723404255319
2,loeo,gat,knn,2016-06,0.5480565306420945,0.5828760252835319,0.548936170212766
2,loeo,gat,knn,2016-09,0.44194698837618884,0.2889678472077039,0.28936170212765955
2,loeo,gat,knn,2018-02,0.614938440492476,0.6216845118353946,0.5425531914893617
2,loeo,gat,empty,2015-08,0.6458261765716248,0.8113744701909326,0.6978723404255319
2,loeo,gat,empty,2016-06,0.49067573497147876,0.520153851516017,0.548936170212766
2,loeo,gat,empty,2016-09,0.47681842197957025,0.32064907115021535,0.28936170212765955
2,loeo,gat,empty,2018-02,0.7025991792065663,0.7224041664333557,0.5425531914893617
2,loeo,mlp,-,2015-08,0.6676185159738921,0.8205004117472983,0.6978723404255319
2,loeo,mlp,-,2016-06,0.5568597338013749,0.5557185220145973,0.548936170212766
2,loeo,mlp,-,2016-09,0.4741106023247622,0.3088813094007952,0.28936170212765955
2,loeo,mlp,-,2018-02,0.651892384860921,0.657912014507219,0.5425531914893617
2,loeo,lr,-,2015-08,0.6991368945379595,0.8340004955008108,0.6978723404255319
2,loeo,lr,-,2016-06,0.5488152698551996,0.5864335528701874,0.548936170212766
2,loeo,lr,-,2016-09,0.46589908418457204,0.29888008092867624,0.28936170212765955
2,loeo,lr,-,2018-02,0.641860465116279,0.6422092485515871,0.5425531914893617
