name,shaft,hem,prior,latency,footprint,residual_z,gnn_oof,early10,early10_f
R1,R,R,False,28.05500000000029,0.8444444444444444,-1.2942485,0.06517752508322398,False,0.0
R2,R,R,False,,0.7555555555555555,-1.3070987,0.06300398086508115,False,0.0
R3,R,R,False,,0.7777777777777778,-1.4430791,0.08016909162203471,False,0.0
R4,R,R,False,,0.8444444444444444,-1.3801813,0.09624000638723373,False,0.0
R5,R,R,False,,0.8666666666666667,-0.91506934,0.09787338475386302,False,0.0
R6,R,R,False,,0.5777777777777777,-1.5158985,0.06462185208996137,False,0.0
R7,R,R,False,,0.5111111111111111,-1.5354551,0.04468535383542379,False,0.0
R8,R,R,False,,0.7555555555555555,-1.482903,0.04418840631842613,False,0.0
R9,R,R,False,,0.7333333333333333,-1.6474928,0.052878053237994514,False,0.0
R10,R,R,False,,0.7777777777777778,-1.0425662,0.07333116357525189,False,0.0
FP1,FP,R,False,,0.9111111111111111,-0.32812175,0.020219529668490093,False,0.0
FP2,FP,R,False,,0.8444444444444444,-1.1296825,0.010638566687703133,False,0.0
FP3,FP,R,False,,0.7555555555555555,-1.8029964,0.003940366984655459,False,0.0
FP4,FP,R,False,,0.7111111111111111,-1.5471535,0.0023119173323114714,False,0.0
FP5,FP,R,False,,0.4444444444444444,-1.4771159,0.0026330429827794433,False,0.0
FP6,FP,R,False,,0.6444444444444445,-1.7925094,0.0182241868848602,False,0.0
FP7,FP,R,False,,0.6666666666666666,-1.3046209,0.13032171378533045,False,0.0
FP8,FP,R,False,,0.7111111111111111,-1.7963483,0.4238603512446086,False,0.0
FD1,FD,R,False,,0.8,-0.81801915,0.023071103108425934,False,0.0
FD2,FD,R,False,,0.6666666666666666,-1.4338102,0.015871559890607994,False,0.0
FD3,FD,R,False,,0.35555555555555557,-1.6012158,0.01022890287761887,False,0.0
FD4,FD,R,False,,0.37777777777777777,-1.640713,0.011928440692524115,False,0.0
FD5,FD,R,False,,0.28888888888888886,-1.6505048,0.019618063233792782,False,0.0
FD6,FD,R,False,,0.7555555555555555,-1.8107595,0.03478472928206126,False,0.0
PM1,PM,R,False,21.80500000000029,0.9111111111111111,1.3836927,0.06637514630953471,False,0.0
PM2,PM,R,False,,0.8888888888888888,-0.018435806,0.085725337266922,False,0.0
PM3,PM,R,True,,0.8888888888888888,-0.26516238,0.07904044166207314,False,0.0
PM4,PM,R,True,,0.8444444444444444,0.18527663,0.055961064994335175,False,0.0
PM5,PM,R,True,,0.6666666666666666,-0.6444275,0.018840608497460682,False,0.0
PM6,PM,R,True,,0.6,-1.0403074,0.01206368487328291,False,0.0
PM7,PM,R,True,,0.28888888888888886,-1.1760216,0.014450133157273134,False,0.0
PM8,PM,R,True,,0.7777777777777778,-0.25549302,0.024297648419936497,False,0.0
CC1,CC,R,False,17.30500000000029,0.9111111111111111,1.8740499,0.9464816451072693,False,0.0
CC2,CC,R,False,20.55500000000029,0.8888888888888888,0.60772157,0.9048286477724711,False,0.0
CC3,CC,R,False,22.30500000000029,0.9111111111111111,0.6013877,0.8028384844462076,False,0.0
CC4,CC,R,False,,0.8888888888888888,-0.69466895,0.5950390299161276,False,0.0
CC5,CC,R,False,,0.8666666666666667,-1.1344163,0.24175709982713064,False,0.0
CC6,CC,R,False,,0.8444444444444444,-1.0812545,0.045993998646736145,False,0.0
CC7,CC,R,False,,0.7555555555555555,-1.1528718,0.0093646173675855,False,0.0
CC8,CC,R,True,,0.5555555555555556,-1.0016459,0.002888786761711041,False,0.0
CC9,CC,R,True,,0.3333333333333333,-1.1078362,0.0015677325621557732,False,0.0
CC10,CC,R,True,,0.044444444444444446,-1.1984913,0.001215778582263738,False,0.0
SA1,SA,R,False,20.55500000000029,0.8666666666666667,1.8784157,0.9861011107762655,False,0.0
SA2,SA,R,False,17.30500000000029,0.9111111111111111,2.8167229,0.9859260121981303,False,0.0
SA3,SA,R,False,17.05500000000029,0.9111111111111111,2.3871143,0.9857211907704672,False,0.0
SA4,SA,R,False,17.55500000000029,0.9111111111111111,2.2264729,0.9854358037312826,False,0.0
SA5,SA,R,False,17.55500000000029,0.9111111111111111,2.5159285,0.9842578371365865,False,0.0
SA6,SA,R,False,19.30500000000029,0.9111111111111111,2.3815417,0.9833496411641439,False,0.0
PA1,PA,R,False,36.05500000000029,0.8444444444444444,0.777244,0.8166391452153524,False,0.0
PA2,PA,R,False,31.55500000000029,0.8444444444444444,1.2949078,0.790836234887441,False,0.0
PA3,PA,R,False,26.55500000000029,0.8222222222222222,-0.17286198,0.6960240999857584,False,0.0
PA4,PA,R,False,32.80500000000029,0.7777777777777778,-0.8842826,0.497781236966451,False,0.0
PA5,PA,R,False,,0.7555555555555555,-0.8384495,0.3920849959055583,False,0.0
PA6,PA,R,False,,0.7333333333333333,-2.2234633,0.48856838544209796,False,0.0
PA7,PA,R,False,,0.8222222222222222,-1.4336727,0.13875118693847335,False,0.0
PA8,PA,R,False,22.30500000000029,0.7777777777777778,0.7201887,0.04780441638162595,False,0.0
PA9,PA,R,False,39.80500000000029,0.6444444444444445,-0.26201132,0.004509270777698286,False,0.0
PA10,PA,R,False,20.55500000000029,0.8888888888888888,2.2473865,0.0034873864333408258,False,0.0
CR'1,CR',L,False,11.055000000000291,0.8222222222222222,0.051671043,0.9966518680254618,True,1.0
CR'2,CR',L,False,17.30500000000029,0.7777777777777778,0.024001352,0.9971999526023865,False,0.0
CR'3,CR',L,False,17.30500000000029,0.8222222222222222,0.32832786,0.9937883814175924,False,0.0
CR'4,CR',L,False,20.55500000000029,0.7111111111111111,-0.25210685,0.9019534190495809,False,0.0
CR'5,CR',L,False,36.80500000000029,0.022222222222222223,0.6887241,0.3967578709125519,False,0.0
CR'6,CR',L,False,20.55500000000029,0.5555555555555556,-0.6147418,0.5327116648356119,False,0.0
CR'7,CR',L,False,,0.37777777777777777,-0.9705907,0.8619121114412943,False,0.0
CR'8,CR',L,False,,0.4444444444444444,-0.8324583,0.9307198723157247,False,0.0
CR'9,CR',L,False,,0.6222222222222222,-0.13057762,0.9419883688290914,False,0.0
CR'10,CR',L,False,20.55500000000029,0.7777777777777778,0.33978507,0.9501954714457194,False,0.0
CC'1,CC',L,False,17.30500000000029,0.8888888888888888,2.264528,0.9994221528371176,False,0.0
CC'2,CC',L,False,15.805000000000291,0.8444444444444444,1.7026674,0.9973180890083313,True,1.0
CC'3,CC',L,False,17.30500000000029,0.8888888888888888,0.8716952,0.9999141891797384,False,0.0
CC'4,CC',L,False,,0.08888888888888889,0.2286514,0.9999319314956665,False,0.0
CC'5,CC',L,False,,0.2,0.6601125,0.9998525381088257,False,0.0
CC'6,CC',L,False,18.30500000000029,0.7111111111111111,-0.4388987,0.9991150498390198,False,0.0
CC'7,CC',L,False,37.05500000000029,0.8444444444444444,1.1784935,0.8760072191556295,False,0.0
CC'8,CC',L,False,32.55500000000029,0.7777777777777778,1.4978957,0.8587828079859415,False,0.0
CC'9,CC',L,False,32.80500000000029,0.7777777777777778,1.0009643,0.679168701171875,False,0.0
CC'10,CC',L,False,32.80500000000029,0.8666666666666667,0.73274124,0.6741609573364258,False,0.0
PM'1,PM',L,False,17.05500000000029,0.6222222222222222,-0.9960359,0.9510775407155355,False,0.0
PM'2,PM',L,False,17.05500000000029,0.6666666666666666,-0.78915995,0.9504846533139547,False,0.0
PM'3,PM',L,False,18.80500000000029,0.6222222222222222,-1.2755859,0.911506454149882,False,0.0
PM'4,PM',L,False,20.55500000000029,0.6222222222222222,-0.85208756,0.8261804580688477,False,0.0
PM'5,PM',L,False,,0.17777777777777778,-1.7454218,0.7280855973561605,False,0.0
PM'6,PM',L,False,20.55500000000029,0.8,0.054578602,0.7332144975662231,False,0.0
SA'1,SA',L,False,24.80500000000029,0.8666666666666667,2.2445493,0.9942237933476766,False,0.0
SA'2,SA',L,False,24.80500000000029,0.9333333333333333,2.7131433,0.9952815969785055,False,0.0
SA'3,SA',L,False,17.30500000000029,0.8888888888888888,3.112853,0.9965463678042094,False,0.0
SA'4,SA',L,False,16.30500000000029,0.9333333333333333,3.8534834,0.996820330619812,False,0.0
SA'5,SA',L,False,15.555000000000291,0.9333333333333333,4.2261214,0.9960219065348307,True,1.0
SA'6,SA',L,False,14.305000000000291,0.9333333333333333,4.510337,0.994096060593923,True,1.0
SA'7,SA',L,False,13.055000000000291,0.9333333333333333,1.9276323,0.9905050198237101,True,1.0
SA'8,SA',L,False,12.805000000000291,0.9333333333333333,3.1370683,0.9878016511599222,True,1.0
PA'1,PA',L,False,18.55500000000029,0.8444444444444444,2.257974,0.9472679694493612,False,0.0
PA'2,PA',L,False,23.05500000000029,0.8444444444444444,2.2134137,0.9220633109410604,False,0.0
PA'3,PA',L,False,22.55500000000029,0.8444444444444444,2.8476262,0.8518898487091064,False,0.0
PA'4,PA',L,False,27.55500000000029,0.8666666666666667,3.3678067,0.733951985836029,False,0.0
PA'5,PA',L,False,23.80500000000029,0.8444444444444444,3.3908725,0.6670180956522623,False,0.0
PA'6,PA',L,False,20.80500000000029,0.8888888888888888,2.6308274,0.6386613647143046,False,0.0
PA'7,PA',L,False,20.55500000000029,0.8888888888888888,2.0245535,0.6843944191932678,False,0.0
PA'8,PA',L,False,20.55500000000029,0.8666666666666667,2.130933,0.7208672960599264,False,0.0
