timestamp,value,is_extreme
0,0.50786179959071898,0
1,-0.63369466656792039,0
2,0.24349546255212096,0
3,1.1353610864329107,0
4,-1.0427463195075077,0
5,-2.1363765624683242,0
6,-1.5812608468073741,0
7,-1.5812512697894814,0
8,-1.281802173335874,0
9,-1.8784856662422791,0
10,-0.62339055813099475,0
11,0.27907948892415246,0
12,0.28929428870053803,0
13,1.3586766379284634,0
14,1.5544506525948163,0
15,0.38426805919261497,0
16,0.67616523143659091,0
17,-0.41795041567972613,0
18,0.54408996876349158,0
19,0.38534606402454041,0
20,0.12341448767437177,0
21,-0.58219795426444398,0
22,0.75678297526247507,0
23,0.45089689814117795,0
24,-0.067610303650164849,0
25,-0.40622179340836145,0
26,0.20733175082665956,0
27,0.53130946502540599,0
28,0.83778018361631323,0
29,1.1010451499009335,0
30,3.0224837207912083,0
31,2.0115719602483515,0
32,1.0970148391271439,0
33,0.063839143053837422,0
34,0.66705073701856554,0
35,1.6626128823357442,0
36,1.2161428482137204,0
37,0.1327578016084483,0
38,-0.71827497440448096,0
39,0.075972808301116301,0
40,0.80403241784433532,0
41,1.1863802025806631,0
42,0.28359445477583622,0
43,0.45903688688738875,0
44,0.48391531865063925,0
45,0.60582085164952437,0
46,1.3560854592678093,0
47,1.3084639161889298,0
48,1.7256846960230385,0
49,1.4481268263073224,0
50,1.4476208597358422,0
51,1.7893849136272142,0
52,-0.025647888953894915,0
53,-0.34018952752041726,0
54,-0.74252427630912932,0
55,-1.2328972692906452,0
56,-1.2614600666592,0
57,0.48577325790703596,0
58,-0.47721250936761445,0
59,0.5865083470973893,0
60,-1.2136630939378934,0
61,-1.3058155051360896,0
62,-0.88189933900386608,0
63,-0.11929713984381474,0
64,0.61578886791780318,0
65,1.2859783295341678,0
66,0.68005759137889665,0
67,0.081694280438550204,0
68,0.92333130560799404,0
69,0.54736071960478039,0
70,-0.83779774765409754,0
71,-1.8035254121267588,0
72,-2.3622726157030183,0
73,-1.3926573485086506,0
74,-0.97170014273635541,0
75,-0.086874760121316119,0
76,-0.49675245443358718,0
77,-0.23886227247015551,0
78,0.43450057599121228,0
79,0.038253921072731456,0
80,0.48737837441559662,0
81,-0.27202324153417395,0
82,-0.58067243979241101,0
83,-0.8462758458322579,0
84,-1.8728603222548461,0
85,-1.0113157770182952,0
86,-1.27845496181736,0
87,-1.0102698507262005,0
88,-0.32746922167505144,0
89,0.18455579868990291,0
90,0.81302974792470861,0
91,0.55193831383034331,0
92,0.018252339020120911,0
93,-0.065116339690302324,0
94,-1.7394275057102717,0
95,-2.8386544769913047,0
96,-3.5936231939474461,0
97,-3.8721453827594385,0
98,-2.6979420794841142,0
99,-3.063832718947352,0
100,-2.8292287291972715,0
101,-0.96415468557175199,0
102,-1.1275877195188275,0
103,9.2635358086726587,1
104,12.268071967605078,1
105,8.3704437653703998,1
106,-1.7961393752707702,0
107,-1.7759445761171786,0
108,-0.58044752343634753,0
109,-2.1916784419414266,0
110,-1.3189191100072841,0
111,-0.81739968567354948,0
112,-1.2480697042356339,0
113,-2.4445136177769617,0
114,-1.8834813865077,0
115,-2.0362778182699626,0
116,-1.396346043261266,0
117,-1.0952246890855699,0
118,0.72559914005245951,0
119,0.34112368456894337,0
120,-0.7505985449667103,0
121,-0.42120320101705211,0
122,-0.11696587684187656,0
123,1.2656148737669353,0
124,1.8476031449281267,0
125,1.834953575092011,0
126,2.9312657512931706,0
127,1.1562495467116856,0
128,0.28524810461960082,0
129,-0.69837745770984427,0
130,-0.94851176932364345,0
131,-2.1354955630152235,0
132,-1.0732455035977746,0
133,-1.0808190999769931,0
134,-2.3354615744842526,0
135,-2.8839483407949436,0
136,-1.9936448251857595,0
137,-0.75678929225422664,0
138,1.391299457888405,0
139,4.0269020323180538,0
140,3.6359310591304395,0
141,1.9192067272724875,0
142,-0.59668089891331899,0
143,-0.20963325678681943,0
144,-0.98064770073978158,0
145,-1.1998754207715105,0
146,-1.5719971356770166,0
147,-1.3983885949579986,0
148,-0.052730645178755253,0
149,0.11486405130234043,0
150,-0.066743595996815952,0
151,-1.0890486296232644,0
152,-2.5459218484029686,0
153,-2.523045387795706,0
154,-2.0722188610548851,0
155,0.11015482473597471,0
156,0.21839838126166561,0
157,1.1574582160323901,0
158,0.42667097428676004,0
159,-0.8436069869876166,0
160,-1.6400023518224653,0
161,-2.0372279459937257,0
162,0.49868737564018373,0
163,-0.42243677871223911,0
164,0.5005397807665537,0
165,-0.50249535347378338,0
166,0.52957673009521744,0
167,0.80861235018203714,0
168,0.49025198248753932,0
169,0.35143905985459745,0
170,-0.37363644754571246,0
171,0.14716304344551057,0
172,-0.33725304558437152,0
173,-1.4954082002347455,0
174,-2.4742641345074157,0
175,-1.8068233898838131,0
176,0.13363254450338435,0
177,0.26689764917614572,0
178,0.094879793231034015,0
179,0.36172997418737007,0
180,1.5953857210567208,0
181,1.4956910782092332,0
182,0.78562563173364952,0
183,1.7347892154468085,0
184,1.8165878108190605,0
185,2.9890262406512402,0
186,2.5744554297428985,0
187,0.83509531207381849,0
188,-0.7000829495866101,0
189,1.0908615725619615,0
190,2.5963549788328661,0
191,1.8975647697836922,0
192,1.1348644946909661,0
193,2.3693358879949749,0
194,0.78842302835249201,0
195,-0.26398859627383275,0
196,0.43213591766997816,0
197,-0.04889638872360702,0
198,-0.044238977698956919,0
199,-0.19883408068367811,0
200,0.17850728425199106,0
201,1.5502876887153096,0
202,1.3308150578739932,0
203,1.7085908395760525,0
204,-0.6832994293701804,0
205,-0.5953579454262623,0
206,-1.3195166266338809,0
207,-2.2744263617307325,0
208,-2.6976934563133366,0
209,-2.4922782057514814,0
210,-1.0779200222451721,0
211,-2.1887287355357019,0
212,-1.7203514958341442,0
213,-1.8604506300008938,0
214,-1.8160335983626759,0
215,-0.45006905338553671,0
216,0.17806019429549669,0
217,1.4798462628791411,0
218,1.0293713310534125,0
219,0.12755445317202696,0
220,-0.12181525434287795,0
221,0.14504458779691923,0
222,0.29260902869124639,0
223,-0.85030084928036942,0
224,-0.58975089779642131,0
225,-0.24357238809823195,0
226,2.3226161270553347,0
227,3.7349375129259377,0
228,2.13470665978193,0
229,1.4203819662763679,0
230,-0.32713642881590865,0
231,-0.85241615701621343,0
232,-0.36632792202263031,0
233,0.91279128327012926,0
234,0.0011491888724949328,0
235,-0.65322708896980064,0
236,-2.6698707009144953,0
237,-2.298562481276504,0
238,-2.9012643968807663,0
239,-2.850450944870687,0
240,-3.1572215340641381,0
241,-2.6200397815038676,0
242,-3.8537602165597256,0
243,-4.5500534186387709,0
244,-1.5107956228827186,0
245,-2.4960590795802062,0
246,-3.0936328421188044,0
247,-0.63799274537372974,0
248,2.3946729729414229,0
249,0.74417174952779663,0
250,0.22708844283420676,0
251,0.52322630520787494,0
252,2.1472786885718924,0
253,0.73096587242927658,0
254,0.33949485200131146,0
255,1.0489334576627933,0
256,1.2739128405968534,0
257,0.64297420124738336,0
258,0.38055639648186557,0
259,-1.0704506911844893,0
260,-1.0945342969222567,0
261,-1.1420149275467604,0
262,-0.68144205241115241,0
263,-1.1004808607479379,0
264,-0.40884616605321139,0
265,0.68563888497725944,0
266,0.70394043565027364,0
267,0.91490875691942231,0
268,0.78508235311340524,0
269,0.62815027558213843,0
270,-0.21903781307713666,0
271,0.14126401121159868,0
272,0.015724610555789484,0
273,2.1057479973752264,0
274,3.2579533003754237,0
275,2.9922091928568402,0
276,1.6307101445907044,0
277,0.19215664368914576,0
278,1.3448682680401818,0
279,1.3386438395792841,0
280,1.551058475055038,0
281,-0.50373920693016205,0
282,0.52444711601405114,0
283,0.8739780310256039,0
284,-0.4112482595939948,0
285,-0.8005234151251448,0
286,-0.37670152774359633,0
287,-0.24889442383863347,0
288,-0.49128672487446179,0
289,-0.49651764796553027,0
290,-0.64919149657930963,0
291,-0.36679068516097918,0
292,1.1780594248643736,0
293,-1.6242109010397985,0
294,-1.5362189853415231,0
295,-1.0524627669007716,0
296,-0.54597622383351774,0
297,-0.80869556038810408,0
298,-2.4036782307890658,0
299,-1.594947100917143,0
300,0.45139253343047048,0
301,-1.1727473781717612,0
302,-0.074369888839220688,0
303,-0.38802113419427042,0
304,-0.37174125318426365,0
305,-1.35029151325136,0
306,-1.4146893829569649,0
307,0.16829308833338663,0
308,0.71728971265441632,0
309,2.3061433755334773,0
310,3.0223265894044755,0
311,2.856947950453157,0
312,4.0294928865303179,0
313,3.6625874679625534,0
314,3.7580581511671021,0
315,2.7098755673989734,0
316,2.2344462697783833,0
317,1.0901331925224298,0
318,1.861690488612797,0
319,0.31104876777537216,0
320,1.0311893566379591,0
321,0.6343004278052079,0
322,1.6786874357114856,0
323,2.0938189373004485,0
324,3.4957013074871606,0
325,3.5273357371283733,0
326,1.2498283340494583,0
327,0.93290949434136583,0
328,-0.42567959712172321,0
329,-0.85882352006365326,0
330,0.82416961722579896,0
331,1.2968695046783352,0
332,0.33856517516392182,0
333,-0.74286522630926144,0
334,-0.56151008817114845,0
335,-1.6657682199180466,0
336,-2.0037548533310185,0
337,-1.2909944111135712,0
338,0.12251650721583918,0
339,0.70677467799711113,0
340,-1.725869766200411,0
341,-1.076329083930069,0
342,-0.78902969391147737,0
343,-0.21733346975648887,0
344,1.4423429058460162,0
345,-0.90936395212792975,0
346,-1.3185945868934494,0
347,-0.463969346721405,0
348,-1.9527698768310664,0
349,-0.086266853411344213,0
350,0.29934312997158302,0
351,1.0860584898206704,0
352,0.29790313033474181,0
353,1.0520861942340041,0
354,1.9101405113762415,0
355,1.7609904292381615,0
356,1.6431932360892254,0
357,1.5848978281531063,0
358,0.40457299778310352,0
359,0.17612971798612992,0
360,-0.011618758063454859,0
361,0.37409885790273123,0
362,1.2991033332324795,0
363,-0.019253415392425755,0
364,-0.14041176263351823,0
365,1.3691261375521586,0
366,0.35171268122916288,0
367,-0.54087987230699008,0
368,-0.23039770601439852,0
369,0.66006702567380127,0
370,0.53947967609970038,0
371,1.7605443313167495,0
372,2.2652294476199266,0
373,2.6540036249860033,0
374,2.677319401312896,0
375,4.4695086213964021,0
376,3.3704452082510779,0
377,0.69283387453434875,0
378,2.1585214611446197,0
379,1.2691177379588703,0
380,1.1231746347101292,0
381,2.2080903926286304,0
382,0.16421277304397908,0
383,-1.1202769956709562,0
384,-2.4974995336556187,0
385,-2.7921359169499187,0
386,-1.7940721275429414,0
387,-0.91106985922158235,0
388,-0.45258170804871217,0
389,-1.7748312503313362,0
390,-3.7299684368977131,0
391,-2.9296211641277883,0
392,-2.8154729649405668,0
393,-1.7929926002358418,0
394,-0.73244045396740354,0
395,-0.44771093111524096,0
396,0.40196434048366098,0
397,0.55078284650199727,0
398,0.97069098280306454,0
399,0.071879523372569309,0
400,-0.12210779513340309,0
401,0.099089860550234776,0
402,0.89980036385760664,0
403,0.32609911886151327,0
404,0.78204655082132324,0
405,0.3597984487416796,0
406,0.17029659166521335,0
407,0.96575631535624373,0
408,-1.2204553187691609,0
409,-2.2728365830900898,0
410,-3.3004546639148926,0
411,-4.9739798509802196,0
412,-4.657448320939352,0
413,-2.9765247570237414,0
414,-2.666103872001568,0
415,-1.9350930156594022,0
416,-0.45885691581672927,0
417,0.9606005996143081,0
418,0.69934254496530701,0
419,1.9130599255416429,0
420,1.6225745988674236,0
421,0.46066145526647684,0
422,-0.22587118798555372,0
423,-1.6612334629534593,0
424,-2.2171206240964199,0
425,-2.1317131873515653,0
426,-0.90178553050265076,0
427,0.99934140676386318,0
428,-0.58270838996594942,0
429,-0.073339243712840618,0
430,-1.0992153341278068,0
431,-0.40467517883904353,0
432,-0.4548267937589614,0
433,-2.1947672608546993,0
434,-0.82751681711527525,0
435,-1.2670141665009513,0
436,-1.5475115715743155,0
437,-2.3077616685491424,0
438,-2.5004926115268695,0
439,-1.5725036485265784,0
440,-1.4472472597576684,0
441,-0.82913580552365373,0
442,-0.30138679049007933,0
443,1.0795522231361034,0
444,0.52085562764450355,0
445,-1.0601733147301289,0
446,0.21908376478787983,0
447,-0.15622116026695079,0
448,0.98961551636381628,0
449,1.1750695262735236,0
450,0.80891809081547394,0
451,0.99591036669867439,0
452,2.7477408534852392,0
453,4.2751732118419445,0
454,3.4895197046063346,0
455,2.9518063570021429,0
456,3.4376852430681,0
457,1.9044871616871331,0
458,1.8566601019679616,0
459,1.4594652336205132,0
460,1.4814803983539642,0
461,0.35181551273376566,0
462,-1.3081150831219563,0
463,-3.1194755024888572,0
464,-3.6129645149806939,0
465,-3.3490468969238885,0
466,-2.9724291041878725,0
467,-0.44071212092078116,0
468,0.75342367317067316,0
469,-0.35935217780508866,0
470,0.060226710206886025,0
471,-0.35889686818481625,0
472,-0.5714813325879482,0
473,-0.27185941665497659,0
474,0.40168358365141199,0
475,-0.017911616962885735,0
476,1.04952223916405,0
477,-0.302320434811164,0
478,-0.23551728548666276,0
479,2.4092598982065021,0
480,2.1504876611904771,0
481,3.1536046355585547,0
482,2.6144038866200523,0
483,2.6723002046258388,0
484,2.0810569693079795,0
485,1.494437994282179,0
486,0.41606799870032374,0
487,0.76315575791781232,0
488,-0.24101258285151805,0
489,0.4727751700322147,0
490,1.4635071404716817,0
491,1.5373371196145753,0
492,0.94362096213596858,0
493,1.208862349017471,0
494,0.65841682366756427,0
495,1.4622805843992008,0
496,-0.66158161669576288,0
497,-0.86487266147525654,0
498,-2.6827101243042031,0
499,-3.641228929670568,0
500,-1.549120913922545,0
501,-0.34411174916635012,0
502,-0.99476963261787055,0
503,-2.2983191621351935,0
504,-4.8031841675498059,0
505,-4.3860428419724791,0
506,-1.0884192613305812,0
507,-0.43585113760081762,0
508,-0.90825319613014366,0
509,-0.26152234740380875,0
510,-1.7701762309174898,0
511,-1.7134643474316273,0
512,-1.2712940049295636,0
513,-1.1031358557646995,0
514,-0.091702562921679109,0
515,0.27128317589870909,0
516,0.88535255882696429,0
517,0.019909764830812082,0
518,0.91374322027519772,0
519,2.3599315238441498,0
520,0.91779569942390726,0
521,-0.15345909617543396,0
522,1.2130170593798857,0
523,0.77906966080884832,0
524,2.0270771207136358,0
525,1.1791259846787248,0
526,2.3983463640136913,0
527,2.0501629080164054,0
528,1.8983591497358197,0
529,3.08340534145856,0
530,2.1049537957226772,0
531,0.7428409406531834,0
532,0.1457085444941924,0
533,0.56890078623849261,0
534,-1.1106384431897203,0
535,-0.25103985190065481,0
536,-0.73960319913826711,0
537,0.55613010142294972,0
538,-1.9493562237621118,0
539,-2.3460507541138584,0
540,-3.5633087545251891,0
541,-3.6768764699841041,0
542,-2.6938352748783405,0
543,-2.3342948453524275,0
544,-2.120813445229957,0
545,-1.8558356275640264,0
546,-1.2812802614312777,0
547,-2.0335602510881299,0
548,-0.9199985599714533,0
549,-0.073332877591678725,0
550,0.326371635582758,0
551,0.81763075121746964,0
552,0.95052260178263515,0
553,2.7954913841571756,0
554,2.1492989362732304,0
555,1.4123559306840079,0
556,0.37635716418982856,0
557,-0.73117693922597393,0
558,-1.8294133389818545,0
559,-2.352327984416402,0
560,-1.9525427691851931,0
561,-1.2277390868504401,0
562,-0.93104921092819026,0
563,-1.5103746461722651,0
564,-0.30811515291784897,0
565,0.49292054996666834,0
566,0.23468813255131768,0
567,-0.4651656386236579,0
568,0.17629540993087317,0
569,0.32900991543080299,0
570,-1.1849193270704053,0
571,-1.0159157176407292,0
572,-0.55069676203820239,0
573,-1.3402521961183158,0
574,-0.88235836405720969,0
575,-2.1607091765035569,0
576,-0.39238124119067463,0
577,0.93404499210689207,0
578,0.494718659382549,0
579,0.75922926534511237,0
580,-1.802538553523785,0
581,-2.5983785030843611,0
582,-2.3724817226196189,0
583,-2.9701183995225544,0
584,-1.6616982369873847,0
585,0.66793794115808613,0
586,-0.64226436650283303,0
587,-1.3512748972874591,0
588,-0.84557154952003699,0
589,0.93465890888359116,0
590,-0.47464718543303019,0
591,-0.13068162603948222,0
592,1.716753549981523,0
593,-0.27835630819404877,0
594,-1.5037542534010711,0
595,-1.6266100091816953,0
596,-1.8218764202007673,0
597,-0.64489984840696946,0
598,-0.27426015890473748,0
599,-1.9943701867659183,0
600,-1.0800857465119238,0
601,-1.4416074845651896,0
602,0.12116122928908735,0
603,-0.53065855300564979,0
604,-1.0611421255067555,0
605,-0.30778208960087294,0
606,0.5167008106562383,0
607,0.86146001246119419,0
608,-0.99642930741585278,0
609,-0.25910900600443121,0
610,-1.241595256477944,0
611,-0.75800009359409182,0
612,-2.0301345102743338,0
613,-1.1777854606764036,0
614,-1.7488272728484955,0
615,-2.6816964685393181,0
616,-1.4315370383490549,0
617,-0.90358510900249267,0
618,-1.3368448885948911,0
619,0.38170293814515133,0
620,-0.13529007105362134,0
621,-0.076124382871962409,0
622,0.20801394138103099,0
623,-0.4532547810237888,0
624,0.10853246858089827,0
625,-0.44662637230000585,0
626,-0.76893942005621385,0
627,0.74749110375837002,0
628,-0.44259316950573702,0
629,-2.76685486653408,0
630,-0.60254689821536989,0
631,2.0672904340347071,0
632,1.2485630817784341,0
633,-0.93798757519743792,0
634,-1.0608740363538942,0
635,-1.1349221789237847,0
636,-1.0978615841612849,0
637,-1.9916773092508762,0
638,-1.0137807049242236,0
639,-0.28651718865329279,0
640,-1.7236193707419407,0
641,-0.67969876489866488,0
642,1.5089259700269591,0
643,1.3791011084586271,0
644,0.76595572469839568,0
645,0.47076136535119528,0
646,0.99186585924951753,0
647,-0.93717891810760412,0
648,-0.58535243150878102,0
649,-0.85874589466983497,0
650,1.1608282972201773,0
651,0.75448990397118398,0
652,2.2714795342964669,0
653,0.71344292965516631,0
654,1.1580135105269251,0
655,1.2458110722127689,0
656,0.12760160990543279,0
657,0.27947740256128667,0
658,1.4361007588806298,0
659,0.82508890281790315,0
660,-1.0318915269154407,0
661,-0.84307604800979852,0
662,-1.5768839332003515,0
663,-1.6038480852241634,0
664,-1.3646662378644518,0
665,-2.7973852063070788,0
666,-3.853566504366341,0
667,-2.6007863679675478,0
668,-2.6033477905437188,0
669,-4.6474225742555424,0
670,-2.9330940227962987,0
671,-2.0741054629627991,0
672,-2.3731591944067234,0
673,-3.21535756658362,0
674,-1.7364781569525591,0
675,-1.0398319030016179,0
676,1.5507367602827791,0
677,1.6607780069511608,0
678,1.7163255468229437,0
679,1.2061325073497899,0
680,1.781681873080623,0
681,2.0504306997126522,0
682,2.8920695683353168,0
683,1.7923327360309689,0
684,0.99845871588081292,0
685,0.31966380179267023,0
686,1.0465327626131253,0
687,2.3356006503872324,0
688,1.4096400271604854,0
689,0.70293829393529728,0
690,0.87642785901803699,0
691,0.45538078720152819,0
692,1.3163582829011125,0
693,-1.1986906642981567,0
694,-1.78565757835542,0
695,-2.2109423966457822,0
696,-4.0891099297027704,0
697,-4.2349263881310204,0
698,-4.3030972263507428,0
699,-3.6435824355994244,0
700,-1.801900056819276,0
701,-1.6865806966461232,0
702,-2.3800782775880522,0
703,-1.961017163283971,0
704,-0.51964010918582759,0
705,-1.391670903463567,0
706,-2.0239116066923022,0
707,-1.0605803260796185,0
708,-1.0700003765944954,0
709,-0.208515610566122,0
710,-0.18045928024819438,0
711,0.55729622389101152,0
712,-0.5892411349278317,0
713,-0.48347755873053283,0
714,-0.59747206134758313,0
715,-1.6938685731821972,0
716,-2.9185728064144465,0
717,-1.6491092098568956,0
718,-1.6702397501034947,0
719,-2.3584720817301257,0
720,-1.982956602307433,0
721,-0.45834642449664376,0
722,-2.6474149849692381,0
723,-3.6145706778787168,0
724,-3.814542984198241,0
725,-1.5904555206382642,0
726,-0.98977743359131487,0
727,-0.024504706411825117,0
728,-1.1597646842556906,0
729,-2.0473476226750789,0
730,-1.1900643814173528,0
731,-0.89377717419843572,0
732,-0.16628292049462201,0
733,-0.32069732732414974,0
734,0.021585864595307203,0
735,0.17538777658135493,0
736,0.91807761035000934,0
737,1.5414703702244781,0
738,-0.38669569821218741,0
739,-2.5566251139106058,0
740,-1.0435546934769777,0
741,0.3528813384803543,0
742,-0.73831794872905399,0
743,-2.450489765528872,0
744,-1.8613569914158967,0
745,-0.558247366782188,0
746,10.779087044829199,1
747,14.930428208641638,1
748,10.334049619481583,1
749,-0.16836325865610502,0
750,-0.1232393152542296,0
751,-0.39785615608864006,0
752,-1.3333528305997282,0
753,0.98207338638350405,0
754,2.570827111178934,0
755,3.1927103724985759,0
756,1.6333179001897333,0
757,2.1616736444490656,0
758,2.3689653250571547,0
759,2.337717884249777,0
760,3.1198395744435987,0
761,3.1312428024161569,0
762,3.2450084782372612,0
763,3.2329130659620189,0
764,2.9271218607717211,0
765,0.55808635890319369,0
766,0.5300901645331122,0
767,-0.13211982722263543,0
768,-1.3855368194181288,0
769,0.57338716376632082,0
770,2.1877050718987601,0
771,3.10938465781462,0
772,2.7427211431075706,0
773,3.5448020354387135,0
774,2.8478948089527965,0
775,2.4811131240600166,0
776,0.89141912878603047,0
777,1.1101266075276643,0
778,0.94848721444654871,0
779,-0.54386234527722543,0
780,-0.48628698803837728,0
781,-0.4687591542875103,0
782,1.4225538432146319,0
783,2.0322564030851149,0
784,1.6372505615595581,0
785,1.5585877590487294,0
786,1.2910825853431818,0
787,0.82995208347899774,0
788,-0.41846553060508862,0
789,-0.48582430209100014,0
790,-1.1347576983253136,0
791,-2.1581216975833972,0
792,-1.2152755435191831,0
793,-0.58095577488211148,0
794,-2.2514721312737671,0
795,-1.923862342514141,0
796,-0.54338848811138929,0
797,0.62451294840720939,0
798,1.5254472016110063,0
799,1.259270968190265,0
800,0.16237144658306091,0
801,-0.95380167009161188,0
802,-0.41843643132293201,0
803,0.044530889306817367,0
804,1.3229558230505194,0
805,2.1583443087824992,0
806,1.5944467904948274,0
807,0.031351553534992638,0
808,-0.29402535418290371,0
809,-0.017989088535798309,0
810,-0.21647451621804273,0
811,-0.75107372105209003,0
812,-0.34797416187177321,0
813,-0.78233707090802906,0
814,-1.2539357404517972,0
815,-0.69169575805799832,0
816,-0.95534918657560353,0
817,-0.52017496028213084,0
818,-0.14293594537358201,0
819,-1.2537777573904403,0
820,-1.4842633297777645,0
821,0.25036627609425066,0
822,-0.96178649185888654,0
823,-2.8860836424576402,0
824,-4.1707120672086235,0
825,-3.3074597071902301,0
826,-2.6150504877194853,0
827,-2.2096512456007091,0
828,-0.55353116755206577,0
829,-3.1156593671445907,0
830,-2.0965936192848491,0
831,-0.11583669362430604,0
832,-1.2204501197911588,0
833,-1.3561666076228223,0
834,-1.8378252033268789,0
835,-2.364606208739032,0
836,-2.2179469720142655,0
837,-0.34687229392690777,0
838,1.5598888403459941,0
839,0.9119718472366477,0
840,2.6346376918537882,0
841,2.1432866304676557,0
842,3.4683203310752058,0
843,2.6813576152066729,0
844,2.2761439182114827,0
845,2.1863896072120208,0
846,4.927965365137152,0
847,4.7936578669545113,0
848,3.1276617636121458,0
849,3.4711272811655749,0
850,2.4150692878481186,0
851,1.4423052473772857,0
852,2.0624455577939398,0
853,1.6810420340063048,0
854,1.6234095417168499,0
855,1.3127128552387726,0
856,1.3867534107964528,0
857,1.5343686260733114,0
858,-0.70947203184676622,0
859,0.098995043132120597,0
860,-0.90282338532460416,0
861,-2.1645578438190949,0
862,-1.7900575189139583,0
863,-1.3480650118167123,0
864,-1.7719581740256505,0
865,-0.58653468155254618,0
866,-1.811402911612944,0
867,-1.8560660780629141,0
868,-2.0697269973833321,0
869,-1.702368868246005,0
870,-1.0830308099495651,0
871,-1.8743175975831967,0
872,-0.7751714006103293,0
873,-0.55713475215356378,0
874,-2.3376540550347613,0
875,-3.8287146844248401,0
876,-3.0752910404691836,0
877,-2.6812001501617009,0
878,-2.2483802337039944,0
879,-1.8266866434934137,0
880,-1.2357894752845502,0
881,-0.040981970379340482,0
882,-1.1438904772210305,0
883,-2.0870839746776193,0
884,-2.7629910376294777,0
885,-1.9214761629348756,0
886,-0.29223355170145493,0
887,-0.6651262796006745,0
888,-3.0338008678401942,0
889,-4.1310335568825316,0
890,-4.1378635683020368,0
891,-3.8680197421368443,0
892,-3.502804420964202,0
893,-2.7636624137904446,0
894,-2.5226762618548029,0
895,-0.96880139894043538,0
896,-1.4510584248337171,0
897,-2.0231646993425167,0
898,-1.1396562209535519,0
899,-2.447367046688961,0
900,-1.5682019320311666,0
901,-1.1520083618986667,0
902,-1.0690491794371009,0
903,0.73303676359958159,0
904,-0.035778034415052673,0
905,2.0316757429920362,0
906,1.3999091451655297,0
907,-0.15708912883780446,0
908,-0.055751722075418272,0
909,-1.1208465779791028,0
910,-1.6484331101967826,0
911,-0.92171318814193515,0
912,-0.18178846186342335,0
913,-0.7675984697449969,0
914,0.37332636925040308,0
915,1.4561688534214565,0
916,2.6012368393004559,0
917,2.6104028785660871,0
918,3.4517510149385684,0
919,0.88060238397679735,0
920,0.38657535855297531,0
921,-0.55774496948104602,0
922,-0.32697011445744473,0
923,-0.83302531076269304,0
924,-0.83257809055988685,0
925,1.2161124077561398,0
926,0.80317012978453362,0
927,1.0563284210178407,0
928,0.61279340689003747,0
929,0.5659480134688637,0
930,0.45877509121116244,0
931,0.81534413894208946,0
932,1.8175828467008486,0
933,3.1014602749640083,0
934,2.7907883018803736,0
935,2.822177527539901,0
936,1.1068775128463542,0
937,0.79762526786146282,0
938,1.5783896791727594,0
939,2.1286803817553608,0
940,1.9145540381993389,0
941,2.4180371901274236,0
942,2.4251964610957577,0
943,3.140463427135928,0
944,2.8017298986658536,0
945,1.8856856033616485,0
946,1.8443897396223425,0
947,-1.4550825841549015,0
948,-0.78118033093887185,0
949,-4.2733570899658808,0
950,-5.1421490793781235,0
951,-3.6619506625615146,0
952,-2.4520311927824165,0
953,-3.1240537343658641,0
954,-3.2113450293716301,0
955,-1.1985350348831725,0
956,-1.442858159479214,0
957,1.0886337848196137,0
958,0.86898717467934483,0
959,1.1032259166247427,0
960,2.4994551317984017,0
961,2.130591221632141,0
962,0.70212899661491157,0
963,0.4519757455976392,0
964,0.32596986028802044,0
965,-1.1039657639711491,0
966,-1.1390046825177427,0
967,-1.6533958400116309,0
968,-0.3983589148218708,0
969,-0.28407525767224101,0
970,-0.51005595528536285,0
971,-0.51422669485086658,0
972,-0.18825933747452717,0
973,0.46620672971015809,0
974,-0.62674684490125487,0
975,-1.5429851085422759,0
976,-0.12970887143129084,0
977,-0.51610396934976333,0
978,-1.8297252680766847,0
979,-1.0199675050782433,0
980,-0.35260419802990778,0
981,-1.8127986156806326,0
982,-1.2207571770809,0
983,-0.24102264923634642,0
984,0.18156833231718592,0
985,0.77723614961514409,0
986,-0.78248017839863371,0
987,-0.29494398772271141,0
988,-0.53857494964861563,0
989,-0.91365011844353727,0
990,0.13963551466489665,0
991,1.5909829224061474,0
992,3.0671563925252769,0
993,3.7685329855261269,0
994,2.9050922067907181,0
995,2.6767939284589177,0
996,2.9082580145513779,0
997,2.4477843609405645,0
998,2.088991676663996,0
999,2.4949464732073787,0
1000,1.936674532539971,0
1001,0.82005268965831546,0
1002,0.24156908589079384,0
1003,0.82716564644637747,0
1004,0.66472580835705775,0
1005,0.87199062355398405,0
1006,1.3676717410453771,0
1007,0.71929592993869229,0
1008,1.33168490758076,0
1009,1.4441905295230024,0
1010,-0.07946066329307655,0
1011,1.378736260551783,0
1012,0.60224426468451031,0
1013,-1.1732999314375756,0
1014,-1.983683654736363,0
1015,-2.6079920844674125,0
1016,-2.0342203489163966,0
1017,-1.9012267846793547,0
1018,-1.8578133953840767,0
1019,-0.86654875082478267,0
1020,-0.35336363946712235,0
1021,0.033356959070588332,0
1022,0.43651402458516331,0
1023,0.96534588767036889,0
1024,-1.3356766316411477,0
1025,-1.4329795575773794,0
1026,-3.3265937105513776,0
1027,-2.6252150416433069,0
1028,-2.1048050055389909,0
1029,-0.63831172964151262,0
1030,0.6769850090079107,0
1031,0.74436305545869597,0
1032,0.095129366970056917,0
1033,0.56126460612178342,0
1034,-0.07890595242688675,0
1035,-0.064517413384858294,0
1036,0.93452238625288109,0
1037,0.18984656301288139,0
1038,0.95755588965280602,0
1039,1.4434460804145473,0
1040,0.19996504720081643,0
1041,1.1338661659780542,0
1042,1.6056592781539485,0
1043,1.3864533098958163,0
1044,0.34683918988900075,0
1045,-0.58173466666436946,0
1046,-1.0030503102345181,0
1047,-0.25984578489565446,0
1048,-1.1635017953179214,0
1049,-0.49328918763446727,0
1050,-1.6363868789859664,0
1051,-1.5131780876276222,0
1052,-1.1008947155280893,0
1053,1.5644143726364452,0
1054,-0.12578415741121107,0
1055,1.3713872405611645,0
1056,1.2469522064362117,0
1057,1.4087336831649326,0
1058,1.2453348599201508,0
1059,1.4409947061313537,0
1060,0.9991106605430653,0
1061,2.2533387098919104,0
1062,1.346199823688806,0
1063,2.2091944311302925,0
1064,1.122988424691211,0
1065,0.83813889335168179,0
1066,-0.4014514376088737,0
1067,0.13386257026042092,0
1068,1.5522160131348706,0
1069,1.1644166306870423,0
1070,0.73464760584572431,0
1071,-0.5268988783913473,0
1072,-0.6508117562653859,0
1073,-2.1134436647338362,0
1074,-2.6036329185058964,0
1075,-1.8561202886955819,0
1076,-0.16588303321506936,0
1077,2.6765044346574474,0
1078,1.5546184626550572,0
1079,2.6789949267694859,0
1080,2.386948421817237,0
1081,1.7583110907074138,0
1082,1.8392433242920834,0
1083,1.5333111431136262,0
1084,1.3370446401031195,0
1085,0.66130254925582654,0
1086,-0.8690676203941895,0
1087,-2.2388792988374333,0
1088,-1.1378585557887197,0
1089,-1.1869869347166893,0
1090,-1.545678447429518,0
1091,-1.228037131220461,0
1092,-0.18749745206074131,0
1093,0.030365981377805135,0
1094,-0.63176215153872328,0
1095,0.72088323441797109,0
1096,2.1558920905160086,0
1097,2.2192703277356602,0
1098,2.7490797735326185,0
1099,3.4412238156399058,0
1100,3.8830783689164385,0
1101,3.7205618722457747,0
1102,3.5747965448715027,0
1103,3.3794978092437051,0
1104,1.6062605728479209,0
1105,1.9857316151379225,0
1106,0.23277132098378406,0
1107,-0.60838239833802765,0
1108,0.81685914913766533,0
1109,1.4937074820043299,0
1110,2.6823642752893266,0
1111,1.8742170365441693,0
1112,0.34712478795856794,0
1113,0.037262633296511527,0
1114,0.13184140387778343,0
1115,0.18446183944223643,0
1116,1.2812499503104908,0
1117,0.66372953524494727,0
1118,0.88301809999888203,0
1119,-0.28221266943550039,0
1120,0.22454714249541269,0
1121,0.18274626418196691,0
1122,-0.60361632693894396,0
1123,-0.71872242372600803,0
1124,-0.75915368549602802,0
1125,-0.87747807773391862,0
1126,1.0693587800805486,0
1127,0.75704102175655941,0
1128,0.36173670722790985,0
1129,-1.8080615918278138,0
1130,-2.3406566254417287,0
1131,-2.1355987248097357,0
1132,-2.3943316560244314,0
1133,-0.53375773144174832,0
1134,-0.59194396054961729,0
1135,0.81488908087855849,0
1136,0.71361589875321485,0
1137,0.60812055542414856,0
1138,0.39769999662681793,0
1139,0.32195624892291352,0
1140,1.9763600021881902,0
1141,-0.73852272500066607,0
1142,-2.5923639244392116,0
1143,-2.6170619706074829,0
1144,-2.0791216945484177,0
1145,-0.97319293087472192,0
1146,-0.3054671466723024,0
1147,-0.62861963021841216,0
1148,0.51614798906703263,0
1149,1.443113794406357,0
1150,1.3385488667966512,0
1151,2.0334966659241624,0
1152,1.8994425961714589,0
1153,0.95807105015428351,0
1154,1.4642736791234316,0
1155,1.2820320658774231,0
1156,1.0269654994564255,0
1157,2.2945259717547146,0
1158,-0.61525135113631468,0
1159,-1.9098852510686215,0
1160,-2.7149786272292671,0
1161,-2.5352435493522192,0
1162,-2.2828030092478055,0
1163,-3.3335680551712921,0
1164,-3.6520124764478599,0
1165,-3.7824516596818585,0
1166,-0.56853723566959502,0
1167,1.3469121592114706,0
1168,0.66578030968452717,0
1169,0.16904095744082281,0
1170,-1.0139712312356359,0
1171,-2.7193073982137754,0
1172,-2.2923261049795443,0
1173,-2.8317128672276612,0
1174,-2.350220825444139,0
1175,-3.4803825093987886,0
1176,-3.5462804658292888,0
1177,-2.6883972773606004,0
1178,-1.7845082241045431,0
1179,-1.01013462054162,0
1180,-2.1285966805903334,0
1181,-0.84819161433670498,0
1182,-1.4787649880712144,0
1183,-0.55015407584966514,0
1184,-0.45076193729792524,0
1185,-1.736997048916288,0
1186,-1.7057953437142184,0
1187,-0.99927253290760709,0
1188,-0.18645264585148669,0
1189,-0.29015001412560798,0
1190,1.2996588793005663,0
1191,2.0472378744270121,0
1192,1.3811361831418569,0
1193,1.8550307586504302,0
1194,3.417818092108531,0
1195,4.6947390744698518,0
1196,2.5277913787533839,0
1197,1.0956999918455566,0
1198,2.3614787802102963,0
1199,0.83090197333060001,0
1200,-0.65781955462719899,0
1201,-1.0124497744008061,0
1202,-0.38973311004605915,0
1203,-0.41418319464794373,0
1204,-0.98191017612394715,0
1205,-1.4597406026236668,0
1206,-1.8801295465116421,0
1207,-2.3836132658682563,0
1208,0.37474226458145665,0
1209,0.59730488285072025,0
1210,1.3646029606853147,0
1211,0.60260490042932802,0
1212,0.29612724315741357,0
1213,-0.47665218684442412,0
1214,-3.0330300843947411,0
1215,-3.8044333443636589,0
1216,-4.8541653554713218,0
1217,-6.1331160623286651,0
1218,-6.1018518241610344,0
1219,-3.5565257799471972,0
1220,-2.8896567916621123,0
1221,-1.0211616710085158,0
1222,-0.40594675990593737,0
1223,0.45780141779040928,0
1224,-0.53465586107224761,0
1225,0.096226265334872663,0
1226,0.80569524634224399,0
1227,0.067908904840102258,0
1228,0.61386749448824818,0
1229,1.0572817541654316,0
1230,0.2962727822022625,0
1231,-0.88575020650918501,0
1232,-1.8927284971056202,0
1233,-1.4276772557630344,0
1234,-0.81513193582111265,0
1235,-1.4446313791148047,0
1236,-1.1291197619657452,0
1237,-0.33275877343411076,0
1238,0.35198369591801221,0
1239,1.8334670768568984,0
1240,2.7437544936835621,0
1241,1.1937121621903057,0
1242,2.6385559392902671,0
1243,1.5798682468764991,0
1244,2.3087674099556268,0
1245,1.9150005540155903,0
1246,1.1198510647555047,0
1247,-0.91181600797052897,0
1248,-0.9010173165927714,0
1249,-2.2801970885798264,0
1250,-0.85685843502108883,0
1251,0.8313059091223769,0
1252,-0.1318662619987887,0
1253,0.19647773292024018,0
1254,-0.56820933567178322,0
1255,-1.0830521986742161,0
1256,-0.091947055074001582,0
1257,-0.11209590590261378,0
1258,1.6499713172089205,0
1259,0.8377445750642154,0
1260,1.6695319925258616,0
1261,1.4330390069784713,0
1262,1.9422092153270101,0
1263,1.1066097149316614,0
1264,0.8357289343937464,0
1265,0.55308426821606238,0
1266,-0.39358970027293722,0
1267,0.34720977436340289,0
1268,0.92801682506908656,0
1269,1.335968154960836,0
1270,2.6057401778863136,0
1271,3.5339369435453545,0
1272,2.4522048649871486,0
1273,2.334816210423897,0
1274,1.244252279080905,0
1275,1.0187571393792796,0
1276,0.21525626238455897,0
1277,1.7922753190436982,0
1278,1.7975184055779214,0
1279,1.2199855963579149,0
1280,2.1696070489427091,0
1281,-0.43492977064124427,0
1282,-2.3620464113782851,0
1283,-1.0937984738828543,0
1284,-0.8145703309889154,0
1285,-0.40120996453037172,0
1286,-1.6473640749428462,0
1287,-1.3411249708046433,0
1288,0.93060943375762739,0
1289,1.5686871668019648,0
1290,1.4246562785843842,0
1291,0.70067111276256966,0
1292,0.16596403834066187,0
1293,-1.9964266585274881,0
1294,-1.33950090590083,0
1295,-0.2261176162388101,0
1296,-1.7565134201616632,0
1297,-2.0666276284361467,0
1298,-2.8107667349823395,0
1299,-3.213964582794635,0
1300,-2.5176900394138078,0
1301,-4.0985541865195207,0
1302,-2.6645729108585527,0
1303,-1.3778032587531603,0
1304,-1.3533451950394408,0
1305,-3.5633846660160944,0
1306,-3.8471263588152653,0
1307,-1.8447991529495158,0
1308,-4.2538336030881849,0
1309,-3.7505902946640672,0
1310,-4.1804730141985127,0
1311,-2.5398081097739738,0
1312,-2.7069604399626406,0
1313,-1.761614331234501,0
1314,-0.84383104581850787,0
1315,1.1611610030752137,0
1316,0.72598685878480085,0
1317,0.95683385665045206,0
1318,-0.71958839380707429,0
1319,0.61474284824808456,0
1320,-0.26871456947289696,0
1321,-0.77572581966606313,0
1322,-0.64282845058206128,0
1323,-2.0771471058054987,0
1324,-1.432947655715461,0
1325,-0.1788918516473581,0
1326,0.1498203421794051,0
1327,-1.469041290435201,0
1328,-1.2990423266778204,0
1329,-0.29720495836276561,0
1330,-2.1157527326561203,0
1331,-2.7673681999426103,0
1332,-1.3373509558725682,0
1333,-0.79978533050076805,0
1334,-0.22785668227386063,0
1335,1.677209461804223,0
1336,1.8103203479495811,0
1337,2.1061442887928443,0
1338,4.3956609582526021,0
1339,3.3027242085115911,0
1340,1.8442966031907781,0
1341,1.9032336807997552,0
1342,1.9615779740286992,0
1343,1.0425469872767512,0
1344,-0.19835942973344656,0
1345,2.1511568783033206,0
1346,2.0477689730306796,0
1347,0.90592979702246812,0
1348,1.6406741398975733,0
1349,1.2033941603567242,0
1350,0.70983388196754815,0
1351,1.1301399774885317,0
1352,-0.38777028624086451,0
1353,0.04241097492448076,0
1354,1.9468835876713368,0
1355,2.0236845323343804,0
1356,1.2427355220840399,0
1357,0.48708313723898999,0
1358,-0.020673463553917359,0
1359,-0.27050144889091493,0
1360,-0.59420769187100397,0
1361,0.44094528757776352,0
1362,-1.3804528731467722,0
1363,-0.24236224810528373,0
1364,-0.57357632362678812,0
1365,-0.08191327320605829,0
1366,-1.1925185287657103,0
1367,0.37461624383686787,0
1368,1.5453279552413672,0
1369,2.1958528899431675,0
1370,0.24192753616099472,0
1371,1.0226630999948485,0
1372,1.2229855676315877,0
1373,-0.62688279302729744,0
1374,-0.52580361819265342,0
1375,-0.056108405520860216,0
1376,0.51118854940646263,0
1377,0.58621220647402583,0
1378,0.76020118202660036,0
1379,2.081772337874376,0
1380,2.8914517802101809,0
1381,-0.55389352961459881,0
1382,-0.76055337852936111,0
1383,-0.77309373036744011,0
1384,-2.370573557020923,0
1385,-1.8022757873844262,0
1386,-0.19306285749703456,0
1387,-1.2410181455882179,0
1388,-0.65641357778070208,0
1389,-1.4409543395209994,0
1390,-1.8246754952964763,0
1391,0.017653237932854005,0
1392,-0.5284352297655418,0
1393,0.039464305198191219,0
1394,-1.839646671902434,0
1395,0.39060022387293292,0
1396,0.9151326254048453,0
1397,0.5496062576736146,0
1398,1.0152315161387864,0
1399,-0.59763421603678113,0
1400,0.70442336892323221,0
1401,0.23955391964215561,0
1402,-0.012426379334710219,0
1403,-0.5015967184332526,0
1404,-0.98192877749218677,0
1405,-0.090872410365340883,0
1406,0.18320892181195014,0
1407,0.79831527885260001,0
1408,0.62985753359650853,0
1409,1.0170858379543879,0
1410,0.39481992643847197,0
1411,2.5455877825603261,0
1412,0.46853980961776243,0
1413,1.6357691712571945,0
1414,2.6765227877267264,0
1415,1.2890594242157876,0
1416,3.2605211499286035,0
1417,3.6039072028882009,0
1418,3.8542647691334726,0
1419,3.111434002332655,0
1420,2.2719210436474477,0
1421,1.6081280078783502,0
1422,1.6770330026221973,0
1423,2.7428126771316541,0
1424,2.3755643595667428,0
1425,0.98900786451610412,0
1426,1.6156333539978631,0
1427,2.2136574295930829,0
1428,2.4255854721222523,0
1429,2.6859672842227846,0
1430,1.8778456972204198,0
1431,0.5732873906457564,0
1432,-0.40956351812417469,0
1433,-1.9631140629571977,0
1434,-1.3335426388198084,0
1435,-1.1502828942824403,0
1436,-1.3602140199556612,0
1437,-4.0437900403095988,0
1438,-4.4823495019418482,0
1439,-2.465038950150312,0
1440,-2.6366571601833808,0
1441,-1.7487340504898634,0
1442,-2.7896726703671471,0
1443,-0.79303265393448652,0
1444,-0.77845378320226566,0
1445,-0.3327226300782774,0
1446,2.0596016878190628,0
1447,3.1641214508446538,0
1448,2.2247315393886655,0
1449,1.1865650466405735,0
1450,0.62370702579292714,0
1451,1.0088638691108773,0
1452,0.70186696103783075,0
1453,0.16624942382679292,0
1454,1.6001807897704765,0
1455,1.1659347400385445,0
1456,3.2323368850681549,0
1457,2.676612071806697,0
1458,3.926608051670085,0
1459,3.498605864046695,0
1460,3.7618452644868041,0
1461,2.2848651600717194,0
1462,0.97413290546996389,0
1463,1.2390122793909586,0
1464,1.979763065978082,0
1465,1.6240669547829285,0
1466,0.012860228742645807,0
1467,-1.3499701832952105,0
1468,-2.5071125488224095,0
1469,-3.7733121519973087,0
1470,-2.9091643621507597,0
1471,-1.2022875680125824,0
1472,-0.97524584133487469,0
1473,-3.0406114304057521,0
1474,-2.6232496046591507,0
1475,-2.2613986803599277,0
1476,0.28687980593749707,0
1477,-1.2276340681695586,0
1478,8.0553055586857916,1
1479,13.940958128170026,1
1480,10.364168593036537,1
1481,1.3121756152891448,0
1482,1.164324929255194,0
1483,1.2614034820614197,0
1484,1.7867323159276718,0
1485,0.61989953384937113,0
1486,1.3739782059876968,0
1487,-0.27382045209538175,0
1488,0.10931161115523272,0
1489,0.26619025221051335,0
1490,-0.40334088642369725,0
1491,-0.34535798446460458,0
1492,-0.89882654023723674,0
1493,-1.7907625590515339,0
1494,-1.7862247888548717,0
1495,-2.532968466455559,0
1496,-1.7035773090711992,0
1497,-2.5129473414093226,0
1498,-1.2983808501364069,0
1499,-2.2201837480379458,0
1500,-2.342441914011363,0
1501,-2.4985569394242697,0
1502,-0.67369882266457704,0
1503,-0.20866911251506981,0
1504,-0.37866909255645009,0
1505,0.19578416702456325,0
1506,-1.9505650137100374,0
1507,-1.6035856006089375,0
1508,0.71464569731761252,0
1509,0.70406306425676257,0
1510,0.63116362057474562,0
1511,1.0530592761019926,0
1512,1.7380526641959397,0
1513,-0.6070245615331078,0
1514,-2.167946131017513,0
1515,-1.5240656137278639,0
1516,-1.934129052879801,0
1517,-0.23527798008392664,0
1518,-0.50339677395236526,0
1519,-2.3372481548750099,0
1520,-3.1378124407440051,0
1521,-5.2599259722257798,0
1522,-4.4420663150635367,0
1523,-3.7420371793152132,0
1524,-3.4180924532340686,0
1525,-1.6555949235575165,0
1526,-0.12595610232931964,0
1527,-0.27115330521956693,0
1528,-2.3516163116525095,0
1529,-1.2640114688297492,0
1530,-0.45584894655522401,0
1531,-0.055287587087234191,0
1532,0.93724967963832839,0
1533,-0.41502835275037731,0
1534,1.676732703984837,0
1535,0.38195841004600162,0
1536,1.0547896552376559,0
1537,-0.84351597022322689,0
1538,-1.6050774634486324,0
1539,0.23230667596643007,0
1540,-0.075054482227705832,0
1541,0.77987901935063331,0
1542,0.8608586041997528,0
1543,0.58372872735962966,0
1544,1.8308333068203935,0
1545,1.2280078208044145,0
1546,-0.79833185091993886,0
1547,-1.4419055726876562,0
1548,-0.60233272944843075,0
1549,-0.086357077196236476,0
1550,-1.6361439119924275,0
1551,-2.033257649002143,0
1552,-2.2083274684039611,0
1553,-2.1321315688373939,0
1554,-3.0816188436714667,0
1555,-3.0936661830566523,0
1556,-3.2035434317048495,0
1557,-1.7913014856019602,0
1558,-0.6239198774913246,0
1559,-0.64494636008187567,0
1560,-0.90799688393623201,0
1561,-0.58647319510987228,0
1562,-1.2857536635434728,0
1563,-2.1754350130022191,0
1564,-2.6805692193274924,0
1565,-2.7792685394334509,0
1566,-3.3868886313390316,0
1567,-2.5474513460083505,0
1568,-1.3082454030229722,0
1569,-2.6336946232166198,0
1570,-2.0818269873572626,0
1571,-1.8853973851521457,0
1572,-1.1668092225849138,0
1573,-0.94638614617151917,0
1574,-2.210708196868846,0
1575,-3.0309558563522421,0
1576,-2.3953411094968211,0
1577,-0.88749196785194773,0
1578,-2.9241809453245611,0
1579,-1.9936181764580687,0
1580,-0.40527253587881185,0
1581,-0.47724390490926261,0
1582,0.16840737209903067,0
1583,-0.56834318321857769,0
1584,-0.57404074585173903,0
1585,-2.0801461149895428,0
1586,-4.0084602004105081,0
1587,-2.2640023591031317,0
1588,-2.7961968150069474,0
1589,-2.6924852970089885,0
1590,-3.5404304908773838,0
1591,-4.2423140957857832,0
1592,-3.5676889767232431,0
1593,-3.5837283755142413,0
1594,-2.4890117024166947,0
1595,-1.5386709429537637,0
1596,-0.91008710803840387,0
1597,-0.48946889550227946,0
1598,1.1861930885300627,0
1599,-0.11863929822083585,0
1600,-0.14984630477958644,0
1601,1.0128127766959196,0
1602,2.0747900306947722,0
1603,0.23806837521124491,0
1604,-0.12190074148687399,0
1605,1.2606005026777614,0
1606,1.5165595073412743,0
1607,1.4085106373527922,0
1608,0.909123816447577,0
1609,0.34349812745031622,0
1610,0.5630175650505771,0
1611,0.19803992705597834,0
1612,0.11585332060033851,0
1613,0.17128136259530818,0
1614,-0.54104643841725264,0
1615,0.099292223147636194,0
1616,2.9936784269335286,0
1617,0.61795610222074782,0
1618,0.81837740596657815,0
1619,-0.10548816384564297,0
1620,0.49301204644273555,0
1621,0.4409671104820494,0
1622,1.1146284624281031,0
1623,2.067209346451262,0
1624,1.846188594929191,0
1625,2.6090031643575311,0
1626,-0.2570953623026524,0
1627,1.3847760080739011,0
1628,1.4828829583514609,0
1629,2.2641497224263505,0
1630,0.59144403309955895,0
1631,-0.35761465512568852,0
1632,-0.1401534299557767,0
1633,-0.12916063330208438,0
1634,0.17974008136832206,0
1635,1.2283072260246237,0
1636,-0.78257453448315017,0
1637,0.34775944413078885,0
1638,0.28648946526255809,0
1639,0.025409711085498748,0
1640,-1.4507874655164914,0
1641,-0.6575813040363282,0
1642,-2.9401728942600998,0
1643,-1.703744304169367,0
1644,-2.8551012788084855,0
1645,-2.2306231104293146,0
1646,-1.9036673256713723,0
1647,-0.35339571324321417,0
1648,-0.46137173960846151,0
1649,-1.0632359528324349,0
1650,-1.3571914582371509,0
1651,0.18712960216494268,0
1652,0.68600065091284779,0
1653,0.16317053920711699,0
1654,-0.10590998859881984,0
1655,-1.6519050814645029,0
1656,-0.93304986432006154,0
1657,-2.506255599151515,0
1658,-1.2532080134857559,0
1659,-0.87394481829733894,0
1660,1.6877959449360511,0
1661,0.25010120222453525,0
1662,0.097418870738995259,0
1663,1.8762227975142589,0
1664,2.6923678783028215,0
1665,1.4576822510623575,0
1666,1.3901132292233336,0
1667,1.1140899397937543,0
1668,1.1732278192291605,0
1669,0.23990181939849875,0
1670,0.1026010528180645,0
1671,-1.5159715330222621,0
1672,-1.0776537745497277,0
1673,-0.41210234621795017,0
1674,-0.55710128961824412,0
1675,-2.0607319222793832,0
1676,-0.66005367497204415,0
1677,-0.16351790198483301,0
1678,-0.85682941928884326,0
1679,-0.96606398226913859,0
1680,-2.2735205885971497,0
1681,-2.8442265986556245,0
1682,-2.8131926252816393,0
1683,-1.0221332879451601,0
1684,-1.4572100212436037,0
1685,-0.52555435766612424,0
1686,-0.95875968899447916,0
1687,-0.51906019034370854,0
1688,-0.55664365441876906,0
1689,0.42774167655772816,0
1690,-0.1926179969723753,0
1691,-1.7266226475803412,0
1692,-2.7632471494279058,0
1693,-2.7424752134850823,0
1694,-3.4430401414661187,0
1695,-2.3442200974933436,0
1696,-2.3411442428527529,0
1697,0.50169115574422918,0
1698,-1.3363616705417487,0
1699,-0.86545615772359785,0
1700,-1.8203179496845472,0
1701,-1.9496557001303163,0
1702,-1.4183050867637088,0
1703,-3.4600154442852542,0
1704,-2.531186238640176,0
1705,-0.12204152863797324,0
1706,-0.55107152127897141,0
1707,-0.18104936021766765,0
1708,0.8800822049512651,0
1709,0.54011226393401568,0
1710,-0.14887037738427067,0
1711,-2.3948327056291689,0
1712,-1.2748754451083619,0
1713,-1.1330687658155867,0
1714,-1.9191388640406313,0
1715,-1.4087143809548117,0
1716,-1.7106518615700308,0
1717,-1.8969476203715503,0
1718,-0.91126694018853216,0
1719,-2.0673959634746701,0
1720,-0.60660148470597774,0
1721,-1.8829673508831859,0
1722,-2.1690752890618126,0
1723,0.18768596281712724,0
1724,1.2775035318961241,0
1725,1.1196068180123395,0
1726,-0.044844761091344831,0
1727,-0.56514811557296907,0
1728,-0.37884317787267885,0
1729,-0.2655513099585447,0
1730,-0.3033119775927986,0
1731,-0.27348209615842323,0
1732,-0.43316078663185265,0
1733,-1.788507364945495,0
1734,-1.947316634117229,0
1735,-0.6432292533069367,0
1736,-1.8829177001966668,0
1737,-1.6958896716966119,0
1738,-2.1764656661281334,0
1739,-1.6298221035043954,0
1740,-1.6924908638703346,0
1741,0.12340097387840121,0
1742,0.60530393329297483,0
1743,-0.82756001914283139,0
1744,0.0091799962994334461,0
1745,-0.76730785922251621,0
1746,-1.1908426587555465,0
1747,-0.63885510689731539,0
1748,-1.002831505247987,0
1749,0.09059061212456565,0
1750,-0.70203757181374293,0
1751,-1.1805766100423576,0
1752,-1.6008321815819948,0
1753,-1.8463044936206348,0
1754,-0.37785203934869505,0
1755,0.32651466213134706,0
1756,1.9711556837171487,0
1757,3.8445687508729733,0
1758,2.0449379687660389,0
1759,1.7063695023401202,0
1760,0.18889528522866339,0
1761,-0.6264896995653364,0
1762,-1.1312742699079386,0
1763,-1.9621742900646253,0
1764,-2.6216267049501143,0
1765,-2.2415857424803467,0
1766,-3.0099870123706847,0
1767,-1.5658626507589153,0
1768,-2.1704436580246464,0
1769,1.0732140436766748,0
1770,0.40718678397694474,0
1771,0.39776706909860804,0
1772,-0.97712752918714874,0
1773,0.9243897347779203,0
1774,1.8590124686252525,0
1775,1.7841258456363147,0
1776,0.08049812772948628,0
1777,0.27506537990820934,0
1778,-0.90137874209068747,0
1779,0.74125226980081071,0
1780,1.4021965476938214,0
1781,1.2171962766427933,0
1782,-1.4626186419330875,0
1783,-2.1535108922055004,0
1784,-1.035047582164528,0
1785,0.38484562599153338,0
1786,1.4170463122853583,0
1787,-0.45837595241316875,0
1788,-0.065148455117630955,0
1789,0.96339645238882476,0
1790,-0.88761840367118527,0
1791,-0.71799923831018464,0
1792,-0.30055699233969146,0
1793,-0.54121017871848809,0
1794,-2.2851299983759921,0
1795,-2.1538021087745225,0
1796,-2.0503471172746419,0
1797,-1.7883500983674678,0
1798,-1.9941515041190438,0
1799,-2.0383333565367026,0
1800,-1.6703729675763399,0
1801,-0.89384376909136098,0
1802,-1.019501778129756,0
1803,-1.2252503508718067,0
1804,-0.88784624244298727,0
1805,-2.6311929198495712,0
1806,-1.6279192086531991,0
1807,-1.3028984640455181,0
1808,-1.0026252446388528,0
1809,0.15863411188338172,0
1810,-1.8259082405415428,0
1811,-3.4345604622921977,0
1812,-2.4738445245102385,0
1813,-1.9861924747367066,0
1814,-1.418777036597433,0
1815,-1.597148704450392,0
1816,-0.61336528932038248,0
1817,0.44194661153481396,0
1818,0.83753958317937816,0
1819,0.40920320813891942,0
1820,-1.7803268211032675,0
1821,-0.65502524884548585,0
1822,0.69770846714120405,0
1823,1.2027251856969432,0
1824,0.082537721190048097,0
1825,0.73982457061979634,0
1826,1.4523893644572825,0
1827,2.7207277393649116,0
1828,1.3004722672639715,0
1829,0.81392322926703875,0
1830,1.3984106345570861,0
1831,1.1761385790838268,0
1832,-0.17641673878421327,0
1833,0.27348289399933234,0
1834,0.79744794901463256,0
1835,0.72592125554270803,0
1836,0.80032193161411058,0
1837,0.38155164360555838,0
1838,1.7835202506005059,0
1839,0.52612401676772824,0
1840,-0.16642154934959624,0
1841,-0.12215172595215139,0
1842,0.78123264693917149,0
1843,-0.87238705254319948,0
1844,-2.008206391799999,0
1845,-3.6442936211747172,0
1846,-2.8827396716865032,0
1847,-3.4244975545557468,0
1848,-3.1241481536625146,0
1849,-1.8379403330383037,0
1850,-2.1118949872134896,0
1851,-1.4582339670274271,0
1852,-1.4659250813736637,0
1853,-0.50062575000249421,0
1854,0.074627467346013387,0
1855,-0.63223172229779923,0
1856,-0.67443713123869209,0
1857,0.50419369272954073,0
1858,0.79673182443772961,0
1859,-0.75957659820094769,0
1860,0.047956782610624415,0
1861,-1.0462451963477386,0
1862,0.57551691288281503,0
1863,1.4845123701472769,0
1864,1.4774953720362225,0
1865,1.3392291410651713,0
1866,0.86235105682471702,0
1867,1.3684047968598017,0
1868,0.72394566802577975,0
1869,0.81472640506051774,0
1870,1.5237154905678654,0
1871,0.65716584892870267,0
1872,-0.090460060847732393,0
1873,-1.2667335294026449,0
1874,-2.0778595696482882,0
1875,-3.4906829671601329,0
1876,-2.0627175847125767,0
1877,0.15874047431270943,0
1878,1.5523213229204731,0
1879,-0.38422743029013784,0
1880,0.41747272732408969,0
1881,1.7560845317828282,0
1882,0.94805764468759857,0
1883,0.85989354640012838,0
1884,-1.3199782136845677,0
1885,-0.78924640297101267,0
1886,-1.6949568518115277,0
1887,-1.1563304635377076,0
1888,-2.4862672930190466,0
1889,-1.4461556099376414,0
1890,-0.13241181252342327,0
1891,-0.88910931173390628,0
1892,-1.8482100307975595,0
1893,-3.6345910671880288,0
1894,-3.1740863878256,0
1895,-3.1208630445420855,0
1896,-4.0477098479817233,0
1897,-2.7851491220732072,0
1898,-2.678089679523215,0
1899,-3.2182077022638045,0
1900,-3.1291385674514904,0
1901,-1.4320063150315767,0
1902,-0.5426681082700392,0
1903,-0.56416054811452121,0
1904,0.16777657997323558,0
1905,-1.0266906924081505,0
1906,-0.7889824531994899,0
1907,-0.48386363207312133,0
1908,-0.85692741415722395,0
1909,-0.25008359536836139,0
1910,-0.98050033093914035,0
1911,-0.27457955697519443,0
1912,0.33219512595113637,0
1913,-2.6514037799361572,0
1914,-0.93081732043880816,0
1915,-3.7922864217038006,0
1916,-3.6498781629191663,0
1917,-1.8945544960775784,0
1918,-1.8329303221145035,0
1919,-2.9325302401611451,0
1920,-3.4397612538455871,0
1921,-1.7249032567558502,0
1922,-3.3014271359533183,0
1923,-1.5121506078006377,0
1924,-1.2648225852827994,0
1925,-2.2042533986686732,0
1926,-2.3465177912376296,0
1927,-2.8944385740917449,0
1928,-1.4493256584148675,0
1929,-0.42703271696905576,0
1930,-2.0607873074512915,0
1931,-2.0522219644803674,0
1932,-2.5049632339285708,0
1933,-0.71046061868348653,0
1934,-1.9184676130732101,0
1935,0.069455014226445622,0
1936,0.022269271864218933,0
1937,-1.1441189888887124,0
1938,-1.5925693751202479,0
1939,-2.0756743408646487,0
1940,-2.9351578747072251,0
1941,-2.2532994400354047,0
1942,-3.0305551027201671,0
1943,-4.6048102909143225,0
1944,-4.0635247035796311,0
1945,-5.0536759592815876,0
1946,-4.7951016354927907,0
1947,-4.745184196997589,0
1948,-4.6673634296238857,0
1949,-1.732927642108955,0
1950,-1.3299305465175932,0
1951,-0.81857342821874257,0
1952,-2.4312570389172885,0
1953,-2.5989687647707527,0
1954,-1.8638723818750902,0
1955,-2.5156268184130788,0
1956,-1.1044386112124776,0
1957,-2.086247474871012,0
1958,-1.9553641157619854,0
1959,-2.1503429325851471,0
1960,-1.5559536866862018,0
1961,-1.8852530212043876,0
1962,-1.7790960440344477,0
1963,-1.6594069270055438,0
1964,-2.0619132989957363,0
1965,-1.1644367706994765,0
1966,-0.69316104172215598,0
1967,-0.6431427786308922,0
1968,-0.94497255636667199,0
1969,0.040565985426659346,0
1970,-0.20338145547285388,0
1971,-0.46940245220422028,0
1972,-0.27083193187525023,0
1973,1.4799211374706505,0
1974,-0.15641929804468346,0
1975,0.64472145461960784,0
1976,-1.3773939975424188,0
1977,-0.88464203980531109,0
1978,0.86736919576448179,0
1979,1.1825638810788925,0
1980,1.1166761834029069,0
1981,0.33289147791925,0
1982,0.29736038282395427,0
1983,-0.014174509144192854,0
1984,-0.7973162152467097,0
1985,-0.92772858767223765,0
1986,-0.54380170951135065,0
1987,-1.2022584361397208,0
1988,-1.7680885695964608,0
1989,-2.7747142932693434,0
1990,-1.8290464085265787,0
1991,-0.91791386485420279,0
1992,-0.50267064764684488,0
1993,0.56303397461118987,0
1994,0.53829481676967939,0
1995,0.82264679078150027,0
1996,0.96195485826276306,0
1997,0.67802386719200258,0
1998,0.0115972656239548,0
1999,2.2234304282910751,0
